id,Cluster
https://www.studenti.unige.it,8
https://www.studenti.unige.it,6
https://www.studenti.unige.it/orientamento/opendaycorsi/,8
https://www.studenti.unige.it/orientamento/opendaycorsi/,3
https://www.studenti.unige.it/portalescuole/,6
https://www.studenti.unige.it/portalescuole/,8
https://www.studenti.unige.it/tasse/importi/,6
https://www.studenti.unige.it/unigepericampioni/,6
https://www.studenti.unige.it/istituto-studi-superiori-issuge/,6
https://www.studenti.unige.it/modulistica/,6
https://www.studenti.unige.it/modulistica/,8
https://www.studenti.unige.it/areaint/,3
https://www.studenti.unige.it/orientamento/spaziogenitori/,6
https://www.studenti.unige.it/orientamento/spaziogenitori/,1
https://www.studenti.unige.it/iscrizioni/immatricolazioni/preiscrizioni_test/,6
https://www.studenti.unige.it/portalescuole/eventi/,8
https://www.studenti.unige.it/areaint/studiareestero/,6
https://www.studenti.unige.it/studenti_unige/,5
https://www.studenti.unige.it/studenti_unige/,4
https://www.studenti.unige.it/future_matricole/,6
https://www.studenti.unige.it/portalescuole/seminari/,6
https://www.studenti.unige.it/portalescuole/seminari/,3
https://www.studenti.unige.it/portalescuole/seminari/,5
https://www.studenti.unige.it/tasse/importi/gruppi_contributivi/,6
https://www.studenti.unige.it/Issuge_anni_precdenti/,6
https://www.studenti.unige.it/Issuge_anni_precdenti/,8
https://www.studenti.unige.it/portalescuole/eventi/convegnoasl_atti/,5
https://www.studenti.unige.it/portalescuole/eventi/convegnoasl_atti/,6
https://www.studenti.unige.it/postlaurea/master/,8
https://www.studenti.unige.it/tasse/certificazione,6
https://www.studenti.unige.it/orientamento/valutazione,6
https://www.studenti.unige.it/postlaurea/master/modmaster/,8
https://www.studenti.unige.it/postlaurea/master/scaduti/chiusi,8
https://www.studenti.unige.it/postlaurea/attivazione,8
https://www.studenti.unige.it/postlaurea/attivazione,6
https://www.studenti.unige.it/postlaurea/master/scaduti/,8
https://www.studenti.unige.it/postlaurea/master/scaduti/chiusi/?page=10,8
https://www.studenti.unige.it/postlaurea/master/scaduti/chiusi/?page=8,8
https://www.studenti.unige.it/postlaurea/master/scaduti/chiusi/?page=5,8
https://www.studenti.unige.it/postlaurea/master/scaduti/chiusi/?page=7,8
https://www.studenti.unige.it/postlaurea/master/scaduti/chiusi/?page=6,8
https://www.studenti.unige.it/postlaurea/master/scaduti/chiusi/?page=4,8
https://www.studenti.unige.it/postlaurea/master/scaduti/chiusi/?page=2,8
https://www.studenti.unige.it/postlaurea/master/scaduti/chiusi/?page=3,8
https://www.studenti.unige.it/postlaurea/master/scaduti/chiusi/?page=1,8
https://www.studenti.unige.it/postlaurea/master/scaduti/chiusi/?page=9,8
https://www.studenti.unige.it/offertaformativa/,8
https://www.studenti.unige.it/offertaformativa/,5
https://www.studenti.unige.it/offertaformativa/laureemagistrali20172018/,5
https://www.studenti.unige.it/offertaformativa/lauree20172018/,5
https://www.studenti.unige.it/offertaformativa/strutt_perc/img_longdesc/,6
https://www.studenti.unige.it/offertaformativa/anniprecedenti/,5
https://www.studenti.unige.it/offertaformativa/strutt_perc/,6
https://www.studenti.unige.it/offertaformativa/corsi_elearning/,8
https://www.studenti.unige.it/offertaformativa/corsi_elearning/,6
https://www.studenti.unige.it/iscrizioni/preimmatricolazioni/,6
https://www.studenti.unige.it/mediodontoarch/,6
https://www.studenti.unige.it/all4-biotec17/,6
https://www.studenti.unige.it/offertaformativa/adesaur/,5
https://www.studenti.unige.it/offertaformativa/verifica/,6
https://www.studenti.unige.it/offertaformativa/anniprecedenti/lm20152016/,5
https://www.studenti.unige.it/offertaformativa/anniprecedenti/lmcu20152016/,5
https://www.studenti.unige.it/offertaformativa/anniprecedenti/lm20162017/,5
https://www.studenti.unige.it/corsilmprof17/,6
https://www.studenti.unige.it/offertaformativa/anniprecedenti/lmcu20162017/,5
https://www.studenti.unige.it/offertaformativa/anniprecedenti/lm20132014/,5
https://www.studenti.unige.it/offertaformativa/anniprecedenti/llmcu20132014/,5
https://www.studenti.unige.it/offertaformativa/anniprecedenti/lm20142015/,5
https://www.studenti.unige.it/offertaformativa/anniprecedenti/lmcu20142015/,5
https://www.studenti.unige.it/areaint/foreignstudents/votazione/,6
https://www.studenti.unige.it/sanitarie16/,6
https://www.studenti.unige.it/all9-ttmi/,6
https://www.studenti.unige.it/all7-pedagogiche/,6
https://www.studenti.unige.it/all5-motoriesport/,6
https://www.studenti.unige.it/all8-tecnichepsico/,6
https://www.studenti.unige.it/sdf_2016/,6
https://www.studenti.unige.it/scienzearch16/,6
https://www.studenti.unige.it/all3-biologiche/,6
https://www.studenti.unige.it/medionto16/,6
https://www.studenti.unige.it/all1-design-prodnau/,6
https://www.studenti.unige.it/all6ctf-farma/,6
https://www.studenti.unige.it/all6ctf-farma/,8
https://www.studenti.unige.it/all4-biotec/,6
https://www.studenti.unige.it/saniterie16all_a/,8
https://www.studenti.unige.it/saniterie16all_a/,6
https://www.studenti.unige.it/sanitariemagistrali16/,6
https://www.studenti.unige.it/all2-archi-ingedi/,6
https://www.studenti.unige.it/corsiprogrloc,6
https://www.studenti.unige.it/offertaformativa/anniprecedenti/lmcu20172018/,5
https://www.studenti.unige.it/all9-ttmi17/,6
https://www.studenti.unige.it/all7-pedagogiche17/,6
https://www.studenti.unige.it/all5-scienzemotorie17/,6
https://www.studenti.unige.it/all8-psicologiche17/,6
https://www.studenti.unige.it/sdf_2017/,6
https://www.studenti.unige.it/scienzearch17/,6
https://www.studenti.unige.it/all3-scienzebio17/,6
https://www.studenti.unige.it/postlaurea/specializzazione/,6
https://www.studenti.unige.it/sanitarie17/,6
https://www.studenti.unige.it/all1-designprodnau17/,6
https://www.studenti.unige.it/medionto17/,6
https://www.studenti.unige.it/all6-farmactf17/,6
https://www.studenti.unige.it/postlaurea/specializzazione/umanistica/,6
https://www.studenti.unige.it/postlaurea/specializzazione/umanistica/,2
https://www.studenti.unige.it/all10-hydroraphy17/,8
https://www.studenti.unige.it/all10-hydroraphy17/,6
https://www.studenti.unige.it/corsiprogrloc17/,6
https://www.studenti.unige.it/postlaurea/specializzazione/giuridica/,3
https://www.studenti.unige.it/postlaurea/specializzazione/sanitaria_altri/,3
https://www.studenti.unige.it/postlaurea/specializzazione/sanitaria_altri/,6
https://www.studenti.unige.it/postlaurea/specializzazione/sanitaria_med/,6
https://www.studenti.unige.it/postlaurea/specializzazione/sanitaria_med/,8
https://www.studenti.unige.it/all2-archi-ingediarch17/,6
https://www.studenti.unige.it/servizi/segreterie/certificati/,6
https://www.studenti.unige.it/servizi,6
https://www.studenti.unige.it/servizi,0
https://www.studenti.unige.it/areaint/studiareestero/erasmusplus/,6
https://www.studenti.unige.it/tasse/pagamento_online/,6
https://www.studenti.unige.it/tasse/importi/en/,8
https://www.studenti.unige.it/tasse/importi/en/,6
https://www.studenti.unige.it/tasse/importi/en/,5
https://www.studenti.unige.it/portalescuole/glues/,6
https://www.studenti.unige.it/portalescuole/incontri/,6
https://www.studenti.unige.it/orientamento/iris/,6
https://www.studenti.unige.it/portalescuole/pls/,8
https://www.studenti.unige.it/postlaurea/formazioneinsegnanti/,6
https://www.studenti.unige.it/postlaurea/formazioneinsegnanti/,5
https://www.studenti.unige.it/servizi/aulestudio/,6
https://www.studenti.unige.it/servizi/fotografi/,4
https://www.studenti.unige.it/servizi/fotografi/,6
https://www.studenti.unige.it/servizi/servizi/,4
https://www.studenti.unige.it/iscrizioni/tempo_pienoparz/,6
https://www.studenti.unige.it/areaint/studiareestero/erasmusplus/en,8
https://www.studenti.unige.it/tasse/importi/esoneri,6
https://www.studenti.unige.it/postlaurea/formazioneinsegnanti/post,6
https://www.studenti.unige.it/postlaurea/formazioneinsegnanti/post,0
https://www.studenti.unige.it/postlaurea/formazioneinsegnanti/post,3
https://www.studenti.unige.it/postlaurea/formazioneinsegnanti/post,8
https://www.studenti.unige.it/postlaurea/formazioneinsegnanti/post,5
https://www.studenti.unige.it/postlaurea/formazioneinsegnanti/post,1
https://www.studenti.unige.it/postlaurea/formazioneinsegnanti/sostegno,6
https://www.studenti.unige.it/postlaurea/formazioneinsegnanti/sostegno,0
https://www.studenti.unige.it/postlaurea/formazioneinsegnanti/post/grado/,6
https://www.studenti.unige.it/areaint/test/erasmus/ects/,6
https://www.studenti.unige.it/postlaurea/formazioneinsegnanti/post/primaria/,6
https://www.studenti.unige.it/areaint/studiareestero/erasmusplus/organizzazione/,6
https://www.studenti.unige.it/areaint/studiareestero/erasmusplus/organizzazione/,8
https://www.studenti.unige.it/areaint/studiareestero/erasmusplus/mobipers/,6
https://www.studenti.unige.it/areaint/studiareestero/erasmusplus/mobipers/,8
https://www.studenti.unige.it/areaint/studiareestero/erasmusplus/mobstudeneo/,6
https://www.studenti.unige.it/tasse/benefici/familiari/,6
https://www.studenti.unige.it/servizi/genuawifi/,6
https://www.studenti.unige.it/servizi/genuawifi/,8
https://www.studenti.unige.it/iscrizioni/singole_attivita/,8
https://www.studenti.unige.it/iscrizioni/singole_attivita/,6
https://www.studenti.unige.it/iscrizioni/singole_attivita/acc_prog/,6
https://www.studenti.unige.it/iscrizioni/singole_attivita/acc_prog/,5
https://www.studenti.unige.it/iscrizioni/singole_attivita/acc_lib/,6
https://www.studenti.unige.it/areaint/studiareestero/erasmusplus/mobstudeneo/tirocinio/,6
https://www.studenti.unige.it/areaint/studiareestero/erasmusplus/mobstudeneo/studio/,6
https://www.studenti.unige.it/tasse/iseeuparificato,6
https://www.studenti.unige.it/tasse/iseeuparificato/en/,8
https://www.studenti.unige.it/tasse/iseeuparificato/en/,6
https://www.studenti.unige.it/postlaurea/formazioneinsegnanti/pas/,6
https://www.studenti.unige.it/postlaurea/formazioneinsegnanti/tfa/,6
https://www.studenti.unige.it/servizi/biblioteche/,6
https://www.studenti.unige.it/servizi/biblioteche/,3
https://www.studenti.unige.it/servizi/biblioteche/,1
https://www.studenti.unige.it/servizi/mense/,6
https://www.studenti.unige.it/servizi/mense/,1
https://www.studenti.unige.it/servizi/alloggi/,6
https://www.studenti.unige.it/servizi/assicurazioni/,6
https://www.studenti.unige.it/servizi/rappresentanti/,1
https://www.studenti.unige.it/servizi/assmedica/,6
https://www.studenti.unige.it/servizi/disabili/,6
https://www.studenti.unige.it/servizi/disabili/,3
https://www.studenti.unige.it/iscrizioni//,6
https://www.studenti.unige.it/servizi/reg/,6
https://www.studenti.unige.it/servizi/reg/,5
https://www.studenti.unige.it/servizi/sostegno/,6
https://www.studenti.unige.it/servizi/organizzazione/,6
https://www.studenti.unige.it/servizi/calendario/,0
https://www.studenti.unige.it/servizi/sedi/,6
https://www.studenti.unige.it/orientamento/colloqui/,6
https://www.studenti.unige.it/orientamento/colloqui/,0
https://www.studenti.unige.it/tempolibero/ass_stud/,6
https://www.studenti.unige.it/tempolibero/ass_stud/,2
https://www.studenti.unige.it/iscrizioni/passaggi/,6
https://www.studenti.unige.it/iscrizioni/trasferimenti/,6
https://www.studenti.unige.it/iscrizioni/riprendere/,6
https://www.studenti.unige.it/iscrizioni/stranieri/,6
https://www.studenti.unige.it/iscrizioni/seconda_laurea/,6
https://www.studenti.unige.it/iscrizioni/iscr_tardive/,6
https://www.studenti.unige.it/iscrizioni/oltre_durata/,6
https://www.studenti.unige.it/iscrizioni/ritirobadge/,6
https://www.studenti.unige.it/iscrizioni/anni_successivi/,6
https://www.studenti.unige.it/iscrizioni/immatricolazioni/,6
https://www.studenti.unige.it/tempolibero/,3
https://www.studenti.unige.it/iscrizioni/stranieri/noncom_estero/,6
https://www.studenti.unige.it/iscrizioni/stranieri/noncom_italia/,6
https://www.studenti.unige.it/iscrizioni/stranieri/comunitari/,6
https://www.studenti.unige.it/orientamento/convenzioni/,6
https://www.studenti.unige.it/attivita/ass_stud/,6
https://www.studenti.unige.it/iscrizioni/immatricolazioni/titoli/,6
https://www.studenti.unige.it/orientamento/studiareagenova/,6
https://www.studenti.unige.it/orientamento/studiareagenova/,3
https://www.studenti.unige.it/offertaformativa/laureemagistrali,5
https://www.studenti.unige.it/offertaformativa/lauree,5
https://www.studenti.unige.it/tempolibero/convenzioni/,6
https://www.studenti.unige.it/tempolibero/convenzioni/,1
https://www.studenti.unige.it/tempolibero/convenzioni/,2
https://www.studenti.unige.it/tempolibero/convenzioni/,7
https://www.studenti.unige.it/scadenze,6
https://www.studenti.unige.it/Unigeprint/,6
https://www.studenti.unige.it/orientamento/convenzioni/firmadigitale/,6
https://www.studenti.unige.it/tempolibero/musei,6
https://www.studenti.unige.it/tempolibero/musei,1
https://www.studenti.unige.it/attivita/att_cult/,6
https://www.studenti.unige.it/tempolibero/cultura/teatro/,6
https://www.studenti.unige.it/tempolibero/cultura/teatro/,1
https://www.studenti.unige.it/scadenze/en/,8
https://www.studenti.unige.it/all9_ttmi18/,6
https://www.studenti.unige.it/all7_scienzeedu18/,6
https://www.studenti.unige.it/alternanza-scuola-lavoro/,6
https://www.studenti.unige.it/orientamento/serv_orientamento/entrata,6
https://www.studenti.unige.it/all5_scienzemot18/,6
https://www.studenti.unige.it/all8_psico18/,6
https://www.studenti.unige.it/bando_arch18/,6
https://www.studenti.unige.it/all3_scienzebio18/,6
https://www.studenti.unige.it/alternanza-scuola-lavoro/istruzioni/,8
https://www.studenti.unige.it/alternanza-scuola-lavoro/istruzioni/,6
https://www.studenti.unige.it/bando_med18/,6
https://www.studenti.unige.it/bando_prima18/,6
https://www.studenti.unige.it/all1_design18/,6
https://www.studenti.unige.it/all6_farma18/,6
https://www.studenti.unige.it/all4_biotec18/,6
https://www.studenti.unige.it/bando_sanit18/,6
https://www.studenti.unige.it/bando_sanit_magistrali18/,6
https://www.studenti.unige.it/alternanza-scuola-lavoro/istruzioni/convenzioni,6
https://www.studenti.unige.it/norme_2018/2019/,6
https://www.studenti.unige.it/all2_arch_edile18/,6
https://www.studenti.unige.it/orientamento/convenzioni/elencoattive/,2
https://www.studenti.unige.it/orientamento/simulazionetest/,3
https://www.studenti.unige.it/lavoro/,6
https://www.studenti.unige.it/postlaurea/,3
https://www.studenti.unige.it/postlaurea/,8
https://www.studenti.unige.it/regolamenti-e-note-operative-gli-studenti/,6
https://www.studenti.unige.it/alternanza-scuola-lavoro/istruzioni/progetto/,6
https://www.studenti.unige.it/attivita/,6
https://www.studenti.unige.it/attivita/,3
https://www.studenti.unige.it/attivita/,0
https://www.studenti.unige.it/attivita/,7
https://www.studenti.unige.it/tasse/,6
https://www.studenti.unige.it/orientamento/pubblicazioni/,5
https://www.studenti.unige.it/orientamento/pubblicazioni/,3
https://www.studenti.unige.it/servizi/segreterie/,6
https://www.studenti.unige.it/servizi/segreterie/,8
https://www.studenti.unige.it/orientamento/,6
https://www.studenti.unige.it/postlaurea/esamistato/,3
https://www.studenti.unige.it/studenti-internazionali/,0
https://www.studenti.unige.it/areaint/foreignstudents/erasmus/english,8
https://www.studenti.unige.it/attivita/tutorato/,0
https://www.studenti.unige.it/areaint/foreignstudents/erasmus/italiano/,6
https://www.studenti.unige.it/regolamenti-e-note-operative-anagrafe-reddituale-tasse-e-contributi-benefici-universitari/,6
https://www.studenti.unige.it/attivita/collaborazione/,6
https://www.studenti.unige.it/tasse/alfa/,3
https://www.studenti.unige.it/tasse/alfa/,0
https://www.studenti.unige.it/servizi/segreterie/rinuncia/,6
https://www.studenti.unige.it/lavoro/aziende/,6
https://www.studenti.unige.it/orientamento/commissioni/,6
https://www.studenti.unige.it/lavoro/studenti/,6
https://www.studenti.unige.it/attivita/tutorato/anniprecedenti/,0
https://www.studenti.unige.it/tasse/alfa/eng/,2
https://www.studenti.unige.it/lavoro/aziende/careerday/,6
https://www.studenti.unige.it/lavoro/aziende/opportunita/,6
https://www.studenti.unige.it/lavoro/opportunita/regione/,6
https://www.studenti.unige.it/orientamento/areeprofessioni/,6
https://www.studenti.unige.it/orientamento/areeprofessioni/,3
https://www.studenti.unige.it/lavoro/studenti/almalaurea/,6
https://www.studenti.unige.it/lavoro/studenti/indirizzi/,3
https://www.studenti.unige.it/lavoro/studenti/autoimpiego/,6
https://www.studenti.unige.it/attivita/tutorato/bando2015/,0
https://www.studenti.unige.it/attivita/tutorato/bando2016/,0
https://www.studenti.unige.it/attivita/tutorato/bando2017/,0
https://www.studenti.unige.it/bando-selezione-tutormat-2018/,0
https://www.studenti.unige.it/tasse/alfa/eng/housing/,2
https://www.studenti.unige.it/tasse/alfa/eng/food/,2
https://www.studenti.unige.it/tasse/alfa/eng/cultural/,8
https://www.studenti.unige.it/tasse/alfa/eng/cultural/,6
https://www.studenti.unige.it/tasse/alfa/eng/cultural/,2
https://www.studenti.unige.it/tasse/alfa/eng/cultural/,4
https://www.studenti.unige.it/tasse/alfa/eng/cultural/,3
https://www.studenti.unige.it/tasse/alfa/eng/cultural/,1
https://www.studenti.unige.it/lavoro/studenti/indirizzi/internazionali/,4
https://www.studenti.unige.it/lavoro/studenti/indirizzi/internazionali/,8
https://www.studenti.unige.it/attivita/tutorato/2013/,0
https://www.studenti.unige.it/attivita/tutorato/bando2014/,0
https://www.studenti.unige.it/tutorato/bando2017/graduatorie/,0
https://www.studenti.unige.it/attivita/tutorato/2013/didattici,0
https://www.studenti.unige.it/attivita/tutorato/2013/didattici,8
https://www.studenti.unige.it/attivita/tutorato/allapari/,0
https://www.studenti.unige.it/attivita/tutorato/allapari/,6
https://www.studenti.unige.it/attivita/tutorato/tutor_didattici/,0
https://www.studenti.unige.it/attivita/tutorato/graduatorie2014/,0
https://www.studenti.unige.it/attivita/tutorato/bando2013/,0
https://www.studenti.unige.it/attivita/tutorato/studenti_tutor/,0
https://www.studenti.unige.it/attivita/tutorato/graduatorie,0
https://www.studenti.unige.it/attivita/tutorato/bando2016/graduatorie/,0
https://www.studenti.unige.it/attivita/tutorato/graduatorie2015/,0
https://www.studenti.unige.it/lavoro/studenti/ordiniprofessionali/,3
https://www.studenti.unige.it/lavoro/jobcheckin/,6
https://www.studenti.unige.it/lavoro/studenti/cvcheck/,6
https://www.studenti.unige.it/lavoro/aziende/incontri/,6
https://www.studenti.unige.it/lavoro/aziende/tirocini/,6
https://www.studenti.unige.it/lavoro/aziende/sportello/,6
https://www.studenti.unige.it/attivita/tutorato/pagamento/,0
https://www.studenti.unige.it/attivita/tutorato/pagamento/,6
https://www.studenti.unige.it/attivita/tutorato/tipologie/,6
https://www.studenti.unige.it/attivita/tutorato/tipologie/,0
https://www.studenti.unige.it/lavoro/studenti/orientarsi/,6
https://www.studenti.unige.it/lavoro/aziende/tirocini/cosafare/,6
https://www.studenti.unige.it/lavoro/tirocini/referenti/,6
https://www.studenti.unige.it/lavoro/tirocini/referenti/,4
https://www.studenti.unige.it/lavoro/tirocini/referenti/,5
https://www.studenti.unige.it/lavoro/tirocini/extracurriculari,6
https://www.studenti.unige.it/lavoro/tirocini/curriculari,6
https://www.studenti.unige.it/lavoro/aziende/tirocini/lombdigit/,6
https://www.studenti.unige.it/lavoro/aziende/tirocini/lombcart/,6
https://www.studenti.unige.it/lavoro/aziende/tirocini/pubdigit/,6
https://www.studenti.unige.it/lavoro/aziende/tirocini/privdigit/,6
https://www.studenti.unige.it/lavoro/aziende/tirocini/privcart/,6
https://www.studenti.unige.it/postlaurea/esami_stato/modulistica/,6
https://www.studenti.unige.it/lavoro/tirocini/extracurriculari/aziendelombardia/,6
https://www.studenti.unige.it/postlaurea/esamistato/psico,6
https://www.studenti.unige.it/lavoro/tirocini/extracurriculari/aziende,6
https://www.studenti.unige.it/lavoro/tirocini/extracurriculari/aziendelombardia/digitale/,6
https://www.studenti.unige.it/lavoro/tirocini/extracurriculari/aziendelombardia/cartaceo/,6
https://www.studenti.unige.it/postalurea/esamistato/odo,6
https://www.studenti.unige.it/postlaurea/esamistato/med/,6
https://www.studenti.unige.it/postlaurea/esamistato/ing/,6
https://www.studenti.unige.it/lavoro/studenti/eventi/,8
https://www.studenti.unige.it/lavoro/studenti/eventi/,6
https://www.studenti.unige.it/lavoro/opportunita/,6
https://www.studenti.unige.it/postlaurea/esamistato/geo/,6
https://www.studenti.unige.it/postlaurea/esamistato/far/,6
https://www.studenti.unige.it/postlaurea/esamistato/dot/,3
https://www.studenti.unige.it/postlaurea/esamistato/dot/,6
https://www.studenti.unige.it/postlaurea/esamistato/chi,6
https://www.studenti.unige.it/postlaurea/esamistato/bio/,6
https://www.studenti.unige.it/postlaurea/esamistato/ass/,6
https://www.studenti.unige.it/postlaurea/esamistato/arch/,6
https://www.studenti.unige.it/lavoro/studenti/eventi/panorama/,6
https://www.studenti.unige.it/lavoro/contributo_curr/,6
https://www.studenti.unige.it/lavoro/opportunita/CRUIscuoleitaliane/,6
https://www.studenti.unige.it/lavoro/carispezia/,6
https://www.studenti.unige.it/lavoro/tirocini/ue/,6
https://www.studenti.unige.it/lavoro/tirocini/ue/,4
https://www.studenti.unige.it/lavoro/tirocini/onu/,1
https://www.studenti.unige.it/programma-di-tirocinio-fondazione-maeci/,6
https://www.studenti.unige.it/lavoro/coopliguria/,6
https://www.studenti.unige.it/lavoro/unicredit/,6
https://www.studenti.unige.it/lavoro/glaxosmithkline/,6
https://www.studenti.unige.it/lavoro/glaxosmithkline/,8
https://www.studenti.unige.it/lavoro/studenti/eventi/incontroprofessionisti/,6
https://www.studenti.unige.it/lavoro/studenti/eventi/incontroprofessionisti/,2
https://www.studenti.unige.it/lavoro/randstad/,6
https://www.studenti.unige.it/lavoro/bureauveritas/,6
https://www.studenti.unige.it/lavoro/opportunita/coasit/,6
https://www.studenti.unige.it/lavoro/kruk/,6
https://www.studenti.unige.it/lavoro/kruk/,3
https://www.studenti.unige.it/lavoro/studenti/eventi/futuremakers/,6
https://www.studenti.unige.it/lavoro/studenti/eventi/futuremakers/,8
https://www.studenti.unige.it/LAVORO/tirocini/vulcanus/,6
https://www.studenti.unige.it/lavoro/talenti/,6
https://www.studenti.unige.it/lavoro/studenti/eventi/edux/,6
https://www.studenti.unige.it/lavoro/studenti/eventi/edux/,8
https://www.studenti.unige.it/lavoro/tirocini/laurea_azienda/,6
https://www.studenti.unige.it/lavoro/pharmaday/,6
https://www.studenti.unige.it/lavoro/pharmaday/,8
https://www.studenti.unige.it/lavoro/bip/,6
https://www.studenti.unige.it/lavoro/bip/,3
https://www.studenti.unige.it/lavoro/orientati/,6
https://www.studenti.unige.it/lavoro/orientati/,0
https://www.studenti.unige.it/lavoro/opportunita/samsung/,6
https://www.studenti.unige.it/lavoro/opportunita/samsung/,8
https://www.studenti.unige.it/lavoro/studenti/eventi/lidl/,6
https://www.studenti.unige.it/lavoro/studenti/eventi/ungiorno/,6
https://www.studenti.unige.it/lavoro/monster/,8
https://www.studenti.unige.it/lavoro/monster/,6
https://www.studenti.unige.it/lavoro/DCCI/,6
https://www.studenti.unige.it/lavoro/opportunita/contatto/,6
https://www.studenti.unige.it/lavoro/opportunita/contatto/,8
https://www.studenti.unige.it/lavoro/opportunita/volotea/,6
https://www.studenti.unige.it/lavoro/opportunita/volotea/,8
https://www.studenti.unige.it/lavoro/studenti/eventi/laureainazienda/,6
https://www.studenti.unige.it/lavoro/tirocini/,6
https://www.studenti.unige.it/lavoro/curriculum/,6
https://www.studenti.unige.it/lavoro/studenti/competenze/,6
https://www.studenti.unige.it/LAVORO/tirocini/sicurezza/,6
https://www.studenti.unige.it/lavoro/studenti/laboratori/,6
https://www.studenti.unige.it/lavoro/incontri/,6
https://www.studenti.unige.it/orientamento/counseling/,3
https://www.studenti.unige.it/orientamento/saloneorientamenti/,6
https://www.studenti.unige.it/orientamento/saloneorientamenti/,3
https://www.studenti.unige.it/orientamento/saloneorientamenti/,0
https://www.studenti.unige.it/orientamento/infopoint/,3
https://www.studenti.unige.it/lavoro/tirocini/aziende/,6
https://www.studenti.unige.it/orientamento/progettomatricole/,0
https://www.studenti.unige.it/orientamento/progettomatricole/,6
https://www.studenti.unige.it/orientamento/test/,6
https://www.studenti.unige.it/servizi/segreterie/supplement,6
https://www.studenti.unige.it/iscritti/lauree/,6
https://www.studenti.unige.it/servizi/segreterie/duplicati/,6
https://www.studenti.unige.it/lavoro/tirocini/convenzioni,5
https://www.studenti.unige.it/lavoro/tirocini/convenzioni,8
https://www.studenti.unige.it/servizi/segreterie/ammissionelaurea/,6
https://www.studenti.unige.it/servizi/segreterie/studiocaso/,6
https://www.studenti.unige.it/orientamento/pubblicazioni/manifestiold/,5
https://www.studenti.unige.it/orientamento/pubblicazioni/manifesti/,5
https://www.studenti.unige.it/orientamento/pubblicazioni/manifesti/,6
https://www.studenti.unige.it/orientamento/pubblicazioni/manifesti/,8
https://www.studenti.unige.it/orientamento/pubblicazioni/manifesti/,3
https://www.studenti.unige.it/orientamento/pubblicazioni/manifesti/,0
https://www.studenti.unige.it/orientamento/pubblicazioni/manifesti/,2
https://www.studenti.unige.it/iscritti/lauree/pergamene/,3
https://www.studenti.unige.it/iscritti/lauree/pergamene/,8
https://www.studenti.unige.it/lavoro/tirocini/convenzioni/100005,2
https://www.studenti.unige.it/lavoro/tirocini/convenzioni/100004,2
https://www.studenti.unige.it/lavoro/tirocini/convenzioni/100003,1
https://www.studenti.unige.it/lavoro/tirocini/convenzioni/100003,4
https://www.studenti.unige.it/lavoro/tirocini/convenzioni/100003,7
https://www.studenti.unige.it/lavoro/tirocini/convenzioni/100003,2
https://www.studenti.unige.it/lavoro/tirocini/convenzioni/100002,1
https://www.studenti.unige.it/lavoro/tirocini/convenzioni/100001,0
https://www.studenti.unige.it/lavoro/tirocini/convenzioni/100001,1
https://www.studenti.unige.it/lavoro/tirocini/convenzioni/100001,2
https://www.studenti.unige.it/lavoro/tirocini/convenzioni/100001,3
https://www.studenti.unige.it/lavoro/tirocini/convenzioni/100001,4
https://www.studenti.unige.it/lavoro/tirocini/convenzioni/100001,5
https://www.studenti.unige.it/lavoro/tirocini/convenzioni/100001,6
https://www.studenti.unige.it/lavoro/tirocini/convenzioni/100001,7
https://www.studenti.unige.it/lavoro/tirocini/convenzioni/100001,8
https://www.studenti.unige.it/lavoro/tirocini/convenzioni/100015,3
https://www.studenti.unige.it/lavoro/tirocini/convenzioni/100014,7
https://www.studenti.unige.it/orientamento/pubblicazioni/manifesti-lm/,5
https://www.studenti.unige.it/orientamento/pubblicazioni/manifesti-llmcu/,5
https://www.studenti.unige.it/lavoro/tirocini/convenzioni/100018,0
https://www.studenti.unige.it/lavoro/tirocini/convenzioni/100008,7
https://www.studenti.unige.it/lavoro/tirocini/convenzioni/100017,4
https://www.studenti.unige.it/lavoro/tirocini/convenzioni/100017,2
https://www.studenti.unige.it/lavoro/tirocini/convenzioni/100017,1
https://www.studenti.unige.it/lavoro/tirocini/convenzioni/100017,7
https://www.studenti.unige.it/lavoro/tirocini/convenzioni/100013,4
https://www.studenti.unige.it/lavoro/tirocini/convenzioni/100006,7
https://www.studenti.unige.it/lavoro/tirocini/convenzioni/100012,4
https://www.studenti.unige.it/lavoro/tirocini/convenzioni/100012,1
https://www.studenti.unige.it/lavoro/tirocini/convenzioni/100019,7
https://www.studenti.unige.it/lavoro/tirocini/convenzioni/100019,4
https://www.studenti.unige.it/lavoro/tirocini/convenzioni/100019,1
https://www.studenti.unige.it/lavoro/tirocini/convenzioni/100019,8
https://www.studenti.unige.it/lavoro/tirocini/convenzioni/100019,3
https://www.studenti.unige.it/lavoro/tirocini/convenzioni/100019,0
https://www.studenti.unige.it/lavoro/tirocini/convenzioni/100005/?sort=asc&order=provincia,2
https://www.studenti.unige.it/lavoro/tirocini/convenzioni/100004/?sort=asc&order=categoria,2
https://www.studenti.unige.it/lavoro/tirocini/convenzioni/100002/?sort=asc&order=categoria,1
https://www.studenti.unige.it/lavoro/tirocini/convenzioni/100015/?sort=desc&order=azienda,3
https://www.studenti.unige.it/lavoro/tirocini/convenzioni/100014/?sort=asc&order=provincia,7
https://www.studenti.unige.it/lavoro/tirocini/convenzioni/100014/?sort=asc&order=comune,7
https://www.studenti.unige.it/lavoro/tirocini/convenzioni/100018/?sort=asc&order=provincia,0
https://www.studenti.unige.it/lavoro/tirocini/convenzioni/100013/?sort=asc&order=provincia,4
https://www.studenti.unige.it/lavoro/tirocini/convenzioni/100013/?sort=asc&order=comune,4
https://www.studenti.unige.it/lavoro/tirocini/convenzioni/100013/?sort=asc&order=categoria,4
https://www.studenti.unige.it/lavoro/tirocini/convenzioni/100013/?sort=desc&order=azienda,4
https://www.studenti.unige.it/lavoro/tirocini/convenzioni/100004/?sort=desc&order=categoria,2
https://www.studenti.unige.it/lavoro/tirocini/convenzioni/100004/?sort=asc&order=azienda,2
https://www.studenti.unige.it/lavoro/tirocini/convenzioni/100001/?sort=desc&order=comune,0
https://www.studenti.unige.it/lavoro/tirocini/convenzioni/100001/?sort=desc&order=comune,1
https://www.studenti.unige.it/lavoro/tirocini/convenzioni/100001/?sort=desc&order=comune,2
https://www.studenti.unige.it/lavoro/tirocini/convenzioni/100001/?sort=desc&order=comune,3
https://www.studenti.unige.it/lavoro/tirocini/convenzioni/100001/?sort=desc&order=comune,4
https://www.studenti.unige.it/lavoro/tirocini/convenzioni/100001/?sort=desc&order=comune,5
https://www.studenti.unige.it/lavoro/tirocini/convenzioni/100001/?sort=desc&order=comune,6
https://www.studenti.unige.it/lavoro/tirocini/convenzioni/100001/?sort=desc&order=comune,7
https://www.studenti.unige.it/lavoro/tirocini/convenzioni/100001/?sort=desc&order=comune,8
https://www.studenti.unige.it/lavoro/tirocini/convenzioni/100014/?sort=desc&order=provincia,7
https://www.studenti.unige.it/lavoro/tirocini/convenzioni/100014/?sort=desc&order=comune,7
https://www.studenti.unige.it/lavoro/tirocini/convenzioni/100018/?sort=asc&order=azienda,0
https://www.studenti.unige.it/lavoro/tirocini/convenzioni/100013/?sort=desc&order=provincia,4
https://www.studenti.unige.it/lavoro/tirocini/convenzioni/100013/?sort=desc&order=categoria,4
https://www.studenti.unige.it/lavoro/tirocini/convenzioni/100013/?sort=desc&order=comune,4
https://www.studenti.unige.it/lavoro/tirocini/convenzioni/100018/?sort=desc&order=provincia,0
https://www.studenti.unige.it/lavoro/tirocini/convenzioni/100002/?sort=desc&order=categoria,1
https://www.studenti.unige.it/lavoro/tirocini/convenzioni/100005/?sort=desc&order=provincia,2
https://www.studenti.unige.it/lavoro/tirocini/convenzioni/100012/?sort=asc&order=provincia,4
https://www.studenti.unige.it/lavoro/tirocini/convenzioni/100012/?sort=asc&order=provincia,1
https://www.studenti.unige.it/lavoro/tirocini/convenzioni/100005/?sort=asc&order=azienda,2
https://www.studenti.unige.it/node/1547/,8
https://www.studenti.unige.it/node/1721/,8
https://www.studenti.unige.it/node/1721/,5
https://www.studenti.unige.it/node/1721/,3
https://www.studenti.unige.it/node/1721/,1
https://www.studenti.unige.it/node/1721/,4
https://www.studenti.unige.it/node/1721/,7
https://www.studenti.unige.it/node/1727/,8
https://www.studenti.unige.it/node/1727/,6
https://www.studenti.unige.it/corsi-di-formazione/scaduti/,8
https://www.studenti.unige.it/postlaurea/perfezionamento/scaduti/chiusi/,8
https://www.studenti.unige.it/node/979/,8
https://www.studenti.unige.it/node/979/,5
https://www.studenti.unige.it/node/979/,3
https://www.studenti.unige.it/node/979/,1
https://www.studenti.unige.it/node/979/,4
https://www.studenti.unige.it/node/979/,7
https://www.studenti.unige.it/postlaurea/perfezionamento/scaduti/chiusi/?page=9,8
https://www.studenti.unige.it/node/937/,6
https://www.studenti.unige.it/taxonomy/term/11/?page=9,8
https://www.studenti.unige.it/taxonomy/term/11/?page=8,8
https://www.studenti.unige.it/taxonomy/term/11/?page=7,8
https://www.studenti.unige.it/taxonomy/term/11/?page=6,8
https://www.studenti.unige.it/taxonomy/term/11/?page=5,8
https://www.studenti.unige.it/taxonomy/term/11/?page=4,8
https://www.studenti.unige.it/taxonomy/term/11/?page=3,8
https://www.studenti.unige.it/taxonomy/term/11/?page=2,8
https://www.studenti.unige.it/taxonomy/term/11/?page=1,8
https://www.studenti.unige.it/node/1607/,3
https://www.studenti.unige.it/node/1607/,6
https://www.studenti.unige.it/node/1607/,0
https://www.studenti.unige.it/node/1607/,8
https://www.studenti.unige.it/node/1607/,1
https://www.studenti.unige.it/node/1607/,5
https://www.studenti.unige.it/node/1611/,8
https://www.studenti.unige.it/node/1611/,3
https://www.studenti.unige.it/node/1611/,0
https://www.studenti.unige.it/node/1611/,6
https://www.studenti.unige.it/node/1611/,5
https://www.studenti.unige.it/node/1611/,1
https://www.studenti.unige.it/node/1625/,0
https://www.studenti.unige.it/node/1625/,1
https://www.studenti.unige.it/node/1625/,2
https://www.studenti.unige.it/node/1625/,3
https://www.studenti.unige.it/node/1625/,4
https://www.studenti.unige.it/node/1625/,5
https://www.studenti.unige.it/node/1625/,6
https://www.studenti.unige.it/node/1625/,7
https://www.studenti.unige.it/node/1625/,8
https://www.studenti.unige.it/node/1626/,3
https://www.studenti.unige.it/node/1626/,8
https://www.studenti.unige.it/node/1626/,0
https://www.studenti.unige.it/node/1626/,6
https://www.studenti.unige.it/node/1626/,5
https://www.studenti.unige.it/node/1626/,1
https://www.studenti.unige.it/node/1627/,8
https://www.studenti.unige.it/node/1627/,5
https://www.studenti.unige.it/node/1627/,3
https://www.studenti.unige.it/node/1627/,2
https://www.studenti.unige.it/node/1627/,7
https://www.studenti.unige.it/node/1627/,1
https://www.studenti.unige.it/node/1628/,8
https://www.studenti.unige.it/node/1628/,6
https://www.studenti.unige.it/node/1628/,3
https://www.studenti.unige.it/node/1628/,1
https://www.studenti.unige.it/node/1628/,5
https://www.studenti.unige.it/node/1628/,0
https://www.studenti.unige.it/node/1656/,8
https://www.studenti.unige.it/node/1656/,5
https://www.studenti.unige.it/node/1656/,3
https://www.studenti.unige.it/node/1656/,6
https://www.studenti.unige.it/node/1657/,8
https://www.studenti.unige.it/node/1657/,5
https://www.studenti.unige.it/node/1657/,3
https://www.studenti.unige.it/node/1657/,6
https://www.studenti.unige.it/taxonomy/term/9/?page=8,8
https://www.studenti.unige.it/taxonomy/term/9/?page=7,8
https://www.studenti.unige.it/taxonomy/term/9/?page=6,8
https://www.studenti.unige.it/taxonomy/term/9/?page=5,8
https://www.studenti.unige.it/taxonomy/term/9/?page=4,8
https://www.studenti.unige.it/taxonomy/term/9/?page=3,8
https://www.studenti.unige.it/taxonomy/term/9/?page=2,8
https://www.studenti.unige.it/taxonomy/term/9/?page=1,8
https://www.studenti.unige.it/node/1688/,8
https://www.studenti.unige.it/node/1688/,6
https://www.studenti.unige.it/node/1688/,0
https://www.studenti.unige.it/node/1688/,1
https://www.studenti.unige.it/node/1688/,2
https://www.studenti.unige.it/node/1688/,3
https://www.studenti.unige.it/node/1700/,8
https://www.studenti.unige.it/node/1700/,6
https://www.studenti.unige.it/node/1712/,8
https://www.studenti.unige.it/node/1712/,6
https://www.studenti.unige.it/node/1712/,3
https://www.studenti.unige.it/node/1712/,1
https://www.studenti.unige.it/node/1728/,8
https://www.studenti.unige.it/node/1728/,2
https://www.studenti.unige.it/taxonomy/term/10/?page=7,0
https://www.studenti.unige.it/taxonomy/term/10/?page=7,1
https://www.studenti.unige.it/taxonomy/term/10/?page=7,2
https://www.studenti.unige.it/taxonomy/term/10/?page=7,3
https://www.studenti.unige.it/taxonomy/term/10/?page=7,4
https://www.studenti.unige.it/taxonomy/term/10/?page=7,5
https://www.studenti.unige.it/taxonomy/term/10/?page=7,6
https://www.studenti.unige.it/taxonomy/term/10/?page=7,7
https://www.studenti.unige.it/taxonomy/term/10/?page=7,8
https://www.studenti.unige.it/taxonomy/term/10/?page=6,8
https://www.studenti.unige.it/taxonomy/term/10/?page=5,8
https://www.studenti.unige.it/taxonomy/term/10/?page=4,8
https://www.studenti.unige.it/taxonomy/term/15/,8
https://www.studenti.unige.it/taxonomy/term/27/,5
https://www.studenti.unige.it/taxonomy/term/27/,8
https://www.studenti.unige.it/taxonomy/term/28/,8
https://www.studenti.unige.it/taxonomy/term/28/,6
https://www.studenti.unige.it/area/scuola-di-scienze-mediche-e-farmaceutiche,8
https://www.studenti.unige.it/area/scuola-di-scienze-sociali,8
https://www.studenti.unige.it/taxonomy/term/18/?page=6,8
https://www.studenti.unige.it/taxonomy/term/18/?page=5,8
https://www.studenti.unige.it/taxonomy/term/18/?page=4,8
https://www.studenti.unige.it/taxonomy/term/18/?page=3,8
https://www.studenti.unige.it/taxonomy/term/18/?page=2,8
https://www.studenti.unige.it/taxonomy/term/18/?page=1,8
https://www.studenti.unige.it/taxonomy/term/12/,8
https://www.studenti.unige.it/node/878/,8
https://www.studenti.unige.it/node/878/,6
https://www.studenti.unige.it/node/878/,0
https://www.studenti.unige.it/node/878/,5
https://www.studenti.unige.it/node/878/,1
https://www.studenti.unige.it/node/878/,3
https://www.studenti.unige.it/node/944/,8
https://www.studenti.unige.it/node/944/,6
https://www.studenti.unige.it/node/944/,3
https://www.studenti.unige.it/node/944/,1
https://www.studenti.unige.it/node/944/,5
https://www.studenti.unige.it/node/944/,0
https://www.studenti.unige.it/node/1098/,8
https://www.studenti.unige.it/node/1109/,8
https://www.studenti.unige.it/node/1110/,8
https://www.studenti.unige.it/node/1120/,8
https://www.studenti.unige.it/node/1121/,8
https://www.studenti.unige.it/node/1137/,8
https://www.studenti.unige.it/node/960/,8
https://www.studenti.unige.it/node/960/,5
https://www.studenti.unige.it/node/960/,3
https://www.studenti.unige.it/node/960/,2
https://www.studenti.unige.it/node/961/,8
https://www.studenti.unige.it/node/961/,5
https://www.studenti.unige.it/node/961/,3
https://www.studenti.unige.it/node/961/,1
https://www.studenti.unige.it/node/961/,4
https://www.studenti.unige.it/node/961/,7
https://www.studenti.unige.it/node/971/,8
https://www.studenti.unige.it/node/971/,3
https://www.studenti.unige.it/node/978/,8
https://www.studenti.unige.it/node/1005/,8
https://www.studenti.unige.it/node/1005/,5
https://www.studenti.unige.it/node/1005/,3
https://www.studenti.unige.it/node/1005/,1
https://www.studenti.unige.it/node/1005/,4
https://www.studenti.unige.it/node/1005/,7
https://www.studenti.unige.it/node/1162/,8
https://www.studenti.unige.it/node/1162/,5
https://www.studenti.unige.it/node/1162/,3
https://www.studenti.unige.it/node/1162/,6
https://www.studenti.unige.it/node/1183/,8
https://www.studenti.unige.it/node/1183/,6
https://www.studenti.unige.it/node/1516/,8
https://www.studenti.unige.it/node/1516/,6
https://www.studenti.unige.it/node/1517/,8
https://www.studenti.unige.it/node/1517/,6
https://www.studenti.unige.it/node/1517/,3
https://www.studenti.unige.it/node/1517/,5
https://www.studenti.unige.it/node/1518/,8
https://www.studenti.unige.it/node/1518/,5
https://www.studenti.unige.it/node/1518/,3
https://www.studenti.unige.it/node/1518/,1
https://www.studenti.unige.it/node/1518/,4
https://www.studenti.unige.it/node/1518/,7
https://www.studenti.unige.it/node/1519/,8
https://www.studenti.unige.it/node/1519/,6
https://www.studenti.unige.it/node/1529/,8
https://www.studenti.unige.it/node/1529/,5
https://www.studenti.unige.it/node/1570/,8
https://www.studenti.unige.it/node/1570/,6
https://www.studenti.unige.it/node/1570/,1
https://www.studenti.unige.it/node/1570/,3
https://www.studenti.unige.it/node/1570/,5
https://www.studenti.unige.it/node/1570/,2
https://www.studenti.unige.it/node/941/,8
https://www.studenti.unige.it/node/941/,5
https://www.studenti.unige.it/node/941/,0
https://www.studenti.unige.it/node/941/,3
https://www.studenti.unige.it/node/1125/,8
https://www.studenti.unige.it/node/1125/,6
https://www.studenti.unige.it/node/1140/,8
https://www.studenti.unige.it/node/1140/,5
https://www.studenti.unige.it/taxonomy/term/24/,4
https://www.studenti.unige.it/taxonomy/term/24/,5
https://www.studenti.unige.it/taxonomy/term/24/,8
https://www.studenti.unige.it/area/scuola-politecnica,8
https://www.studenti.unige.it/taxonomy/term/10/?page=3,8
https://www.studenti.unige.it/taxonomy/term/10/?page=2,8
https://www.studenti.unige.it/taxonomy/term/10/?page=1,8
https://www.studenti.unige.it/node/1592/,8
https://www.studenti.unige.it/node/1592/,5
https://www.studenti.unige.it/node/1592/,2
https://www.studenti.unige.it/node/1592/,3
https://www.studenti.unige.it/node/1592/,4
https://www.studenti.unige.it/node/1592/,6
https://www.studenti.unige.it/node/1606/,8
https://www.studenti.unige.it/node/1606/,6
https://www.studenti.unige.it/node/1690/,8
https://www.studenti.unige.it/node/1690/,6
https://www.studenti.unige.it/node/1690/,1
https://www.studenti.unige.it/node/1690/,3
https://www.studenti.unige.it/node/1690/,5
https://www.studenti.unige.it/node/1690/,2
https://www.studenti.unige.it/node/1655/,8
https://www.studenti.unige.it/node/1655/,2
https://www.studenti.unige.it/node/1655/,3
https://www.studenti.unige.it/node/1655/,4
https://www.studenti.unige.it/node/1719/,8
https://www.studenti.unige.it/node/1719/,6
https://www.studenti.unige.it/node/1719/,0
https://www.studenti.unige.it/node/1719/,1
https://www.studenti.unige.it/node/1719/,2
https://www.studenti.unige.it/node/1719/,3
https://www.studenti.unige.it/node/1731/,8
https://www.studenti.unige.it/node/1731/,5
https://www.studenti.unige.it/node/1731/,6
https://www.studenti.unige.it/node/1731/,1
https://www.studenti.unige.it/taxonomy/term/25/,8
https://www.studenti.unige.it/area/scuola-di-scienze-matematiche-fisiche-e-naturali,8
https://www.studenti.unige.it/node/1701/,8
https://www.studenti.unige.it/node/1701/,0
https://www.studenti.unige.it/node/1701/,3
https://www.studenti.unige.it/node/1701/,6
https://www.studenti.unige.it/node/936/,8
https://www.studenti.unige.it/postlaurea/perfezionamento/scaduti/,8
https://www.studenti.unige.it/node/926/,8
https://www.studenti.unige.it/node/926/,0
https://www.studenti.unige.it/node/1004/,8
https://www.studenti.unige.it/node/1004/,6
https://www.studenti.unige.it/node/1004/,0
https://www.studenti.unige.it/node/1004/,1
https://www.studenti.unige.it/node/1004/,2
https://www.studenti.unige.it/node/1004/,3
https://www.studenti.unige.it/node/1122/,3
https://www.studenti.unige.it/node/1122/,8
https://www.studenti.unige.it/node/1122/,0
https://www.studenti.unige.it/node/1122/,6
https://www.studenti.unige.it/node/925/,8
https://www.studenti.unige.it/node/1159/,8
https://www.studenti.unige.it/node/1159/,6
https://www.studenti.unige.it/node/1159/,3
https://www.studenti.unige.it/node/1159/,1
https://www.studenti.unige.it/node/1159/,5
https://www.studenti.unige.it/node/1159/,0
https://www.studenti.unige.it/node/1179/,8
https://www.studenti.unige.it/node/1179/,0
https://www.studenti.unige.it/node/1179/,6
https://www.studenti.unige.it/node/1179/,3
https://www.studenti.unige.it/node/1179/,2
https://www.studenti.unige.it/node/1179/,7
https://www.studenti.unige.it/node/1226/,8
https://www.studenti.unige.it/node/1226/,6
https://www.studenti.unige.it/node/1226/,3
https://www.studenti.unige.it/node/1226/,1
https://www.studenti.unige.it/node/1404/,8
https://www.studenti.unige.it/node/1404/,3
https://www.studenti.unige.it/node/1404/,0
https://www.studenti.unige.it/node/1404/,6
https://www.studenti.unige.it/node/1436/,8
https://www.studenti.unige.it/node/1436/,6
https://www.studenti.unige.it/node/1436/,3
https://www.studenti.unige.it/node/1436/,1
https://www.studenti.unige.it/node/1436/,5
https://www.studenti.unige.it/node/1436/,0
https://www.studenti.unige.it/node/1537/,8
https://www.studenti.unige.it/node/1537/,6
https://www.studenti.unige.it/node/1537/,1
https://www.studenti.unige.it/node/1537/,4
https://www.studenti.unige.it/node/1537/,3
https://www.studenti.unige.it/node/1537/,5
https://www.studenti.unige.it/node/1532/,8
https://www.studenti.unige.it/node/1532/,6
https://www.studenti.unige.it/node/1532/,1
https://www.studenti.unige.it/node/1532/,3
https://www.studenti.unige.it/node/1588/,8
https://www.studenti.unige.it/node/1588/,6
https://www.studenti.unige.it/node/1588/,1
https://www.studenti.unige.it/node/1588/,4
https://www.studenti.unige.it/node/1588/,3
https://www.studenti.unige.it/node/1588/,5
https://www.studenti.unige.it/node/1465/,0
https://www.studenti.unige.it/node/1465/,1
https://www.studenti.unige.it/node/1465/,2
https://www.studenti.unige.it/node/1465/,3
https://www.studenti.unige.it/node/1465/,4
https://www.studenti.unige.it/node/1465/,5
https://www.studenti.unige.it/node/1465/,6
https://www.studenti.unige.it/node/1465/,7
https://www.studenti.unige.it/node/1465/,8
https://www.studenti.unige.it/node/1364/,8
https://www.studenti.unige.it/node/1364/,3
https://www.studenti.unige.it/node/1464/,8
https://www.studenti.unige.it/node/1464/,3
https://www.studenti.unige.it/node/1464/,0
https://www.studenti.unige.it/node/1464/,6
https://www.studenti.unige.it/node/1464/,5
https://www.studenti.unige.it/node/1464/,1
https://www.studenti.unige.it/node/1330/,8
https://www.studenti.unige.it/node/1330/,5
https://www.studenti.unige.it/node/1330/,3
https://www.studenti.unige.it/node/1330/,2
https://www.studenti.unige.it/node/1330/,7
https://www.studenti.unige.it/node/1330/,1
https://www.studenti.unige.it/node/1265/,8
https://www.studenti.unige.it/node/1265/,6
https://www.studenti.unige.it/node/1071/,8
https://www.studenti.unige.it/node/1071/,6
https://www.studenti.unige.it/node/1071/,3
https://www.studenti.unige.it/node/1071/,1
https://www.studenti.unige.it/node/1071/,5
https://www.studenti.unige.it/node/1071/,0
https://www.studenti.unige.it/node/1042/,8
https://www.studenti.unige.it/node/1042/,0
https://www.studenti.unige.it/node/1042/,3
https://www.studenti.unige.it/node/1042/,6
https://www.studenti.unige.it/node/924/,8
https://www.studenti.unige.it/node/924/,6
https://www.studenti.unige.it/node/924/,3
https://www.studenti.unige.it/node/924/,1
https://www.studenti.unige.it/node/863/,8
https://www.studenti.unige.it/node/863/,6
https://www.studenti.unige.it/node/863/,3
https://www.studenti.unige.it/node/863/,1
https://www.studenti.unige.it/node/863/,5
https://www.studenti.unige.it/node/863/,0
https://www.studenti.unige.it/node/927/,8
https://www.studenti.unige.it/node/927/,5
https://www.studenti.unige.it/node/927/,3
https://www.studenti.unige.it/node/927/,2
https://www.studenti.unige.it/node/927/,7
https://www.studenti.unige.it/node/927/,1
https://www.studenti.unige.it/node/874/,8
https://www.studenti.unige.it/node/874/,6
https://www.studenti.unige.it/node/874/,3
https://www.studenti.unige.it/node/874/,1
https://www.studenti.unige.it/node/874/,5
https://www.studenti.unige.it/node/874/,0
https://www.studenti.unige.it/node/977/,8
https://www.studenti.unige.it/node/977/,6
https://www.studenti.unige.it/node/977/,1
https://www.studenti.unige.it/node/977/,0
https://www.studenti.unige.it/node/969/,8
https://www.studenti.unige.it/node/969/,5
https://www.studenti.unige.it/node/969/,3
https://www.studenti.unige.it/node/969/,1
https://www.studenti.unige.it/node/969/,4
https://www.studenti.unige.it/node/969/,7
https://www.studenti.unige.it/node/984/,8
https://www.studenti.unige.it/node/984/,0
https://www.studenti.unige.it/node/980/,8
https://www.studenti.unige.it/node/980/,6
https://www.studenti.unige.it/node/1207/,8
https://www.studenti.unige.it/node/1305/,8
https://www.studenti.unige.it/node/1305/,6
https://www.studenti.unige.it/node/1305/,3
https://www.studenti.unige.it/node/1305/,5
https://www.studenti.unige.it/node/1363/,8
https://www.studenti.unige.it/node/1363/,5
https://www.studenti.unige.it/node/1363/,3
https://www.studenti.unige.it/node/1363/,6
https://www.studenti.unige.it/node/1420/,8
https://www.studenti.unige.it/node/1420/,5
https://www.studenti.unige.it/node/1420/,3
https://www.studenti.unige.it/node/1420/,1
https://www.studenti.unige.it/node/1420/,4
https://www.studenti.unige.it/node/1420/,7
https://www.studenti.unige.it/node/1442/,8
https://www.studenti.unige.it/node/1442/,6
https://www.studenti.unige.it/node/1535/,8
https://www.studenti.unige.it/node/1535/,6
https://www.studenti.unige.it/node/1345/,8
https://www.studenti.unige.it/node/1345/,5
https://www.studenti.unige.it/node/1345/,3
https://www.studenti.unige.it/node/1345/,1
https://www.studenti.unige.it/node/1345/,4
https://www.studenti.unige.it/node/1345/,7
https://www.studenti.unige.it/node/1391/,6
https://www.studenti.unige.it/node/1391/,8
https://www.studenti.unige.it/node/1391/,0
https://www.studenti.unige.it/node/1388/,8
https://www.studenti.unige.it/node/1388/,6
https://www.studenti.unige.it/node/1388/,3
https://www.studenti.unige.it/node/1388/,0
https://www.studenti.unige.it/node/1358/,8
https://www.studenti.unige.it/node/1358/,6
https://www.studenti.unige.it/node/1008/,8
https://www.studenti.unige.it/node/1008/,6
https://www.studenti.unige.it/node/1007/,8
https://www.studenti.unige.it/node/1007/,6
https://www.studenti.unige.it/node/1025/,8
https://www.studenti.unige.it/node/983/,8
https://www.studenti.unige.it/node/983/,0
https://www.studenti.unige.it/node/982/,8
https://www.studenti.unige.it/node/982/,0
https://www.studenti.unige.it/node/955/,8
https://www.studenti.unige.it/node/981/,8
https://www.studenti.unige.it/node/981/,6
https://www.studenti.unige.it/node/985/,8
https://www.studenti.unige.it/node/985/,0
https://www.studenti.unige.it/lavoro/tirocini/convenzioni/100004/?sort=asc&order=provincia,2
https://www.studenti.unige.it/lavoro/tirocini/convenzioni/100002/?sort=asc&order=provincia,1
https://www.studenti.unige.it/lavoro/tirocini/convenzioni/100015/?sort=asc&order=provincia,3
https://www.studenti.unige.it/lavoro/tirocini/convenzioni/100008/?sort=asc&order=provincia,7
https://www.studenti.unige.it/lavoro/tirocini/convenzioni/100008/?sort=asc&order=comune,7
https://www.studenti.unige.it/lavoro/tirocini/convenzioni/100008/?sort=asc&order=categoria,7
https://www.studenti.unige.it/lavoro/tirocini/convenzioni/100008/?sort=desc&order=azienda,7
https://www.studenti.unige.it/lavoro/tirocini/convenzioni/100018/?sort=asc&order=comune,0
https://www.studenti.unige.it/lavoro/tirocini/convenzioni/100018/?sort=asc&order=categoria,0
https://www.studenti.unige.it/lavoro/tirocini/convenzioni/100018/?sort=desc&order=azienda,0
https://www.studenti.unige.it/lavoro/tirocini/convenzioni/100014/?sort=asc&order=categoria,7
https://www.studenti.unige.it/lavoro/tirocini/convenzioni/100014/?sort=desc&order=azienda,7
https://www.studenti.unige.it/lavoro/tirocini/convenzioni/100015/?sort=asc&order=comune,3
https://www.studenti.unige.it/lavoro/tirocini/convenzioni/100015/?sort=asc&order=categoria,3
https://www.studenti.unige.it/lavoro/tirocini/convenzioni/100002/?sort=asc&order=comune,1
https://www.studenti.unige.it/lavoro/tirocini/convenzioni/100002/?sort=desc&order=azienda,1
https://www.studenti.unige.it/lavoro/tirocini/convenzioni/100004/?sort=asc&order=comune,2
https://www.studenti.unige.it/lavoro/tirocini/convenzioni/100004/?sort=desc&order=azienda,2
https://www.studenti.unige.it/lavoro/tirocini/convenzioni/100005/?sort=asc&order=comune,2
https://www.studenti.unige.it/lavoro/tirocini/convenzioni/100005/?sort=asc&order=categoria,2
https://www.studenti.unige.it/lavoro/tirocini/convenzioni/100005/?sort=desc&order=azienda,2
https://www.studenti.unige.it/lavoro/tirocini/convenzioni/2/?sort=asc&order=provincia,4
https://www.studenti.unige.it/lavoro/tirocini/convenzioni/7/?sort=asc&order=provincia,4
https://www.studenti.unige.it/lavoro/tirocini/convenzioni/7/?sort=asc&order=comune,4
https://www.studenti.unige.it/lavoro/tirocini/convenzioni/7/?sort=asc&order=categoria,4
https://www.studenti.unige.it/lavoro/tirocini/convenzioni/5/?sort=asc&order=provincia,1
https://www.studenti.unige.it/lavoro/tirocini/convenzioni/45/?sort=asc&order=provincia,2
https://www.studenti.unige.it/lavoro/tirocini/convenzioni/45/?sort=asc&order=comune,2
https://www.studenti.unige.it/lavoro/tirocini/convenzioni/45/?sort=asc&order=categoria,2
https://www.studenti.unige.it/lavoro/tirocini/convenzioni/6/?sort=asc&order=provincia,1
https://www.studenti.unige.it/lavoro/tirocini/convenzioni/27/?sort=asc&order=provincia,7
https://www.studenti.unige.it/lavoro/tirocini/convenzioni/4/?sort=asc&order=provincia,1
https://www.studenti.unige.it/lavoro/tirocini/convenzioni/0/?sort=asc&order=provincia,4
https://www.studenti.unige.it/lavoro/tirocini/convenzioni/0/?sort=asc&order=provincia,2
https://www.studenti.unige.it/lavoro/tirocini/convenzioni/0/?sort=asc&order=comune,4
https://www.studenti.unige.it/lavoro/tirocini/convenzioni/0/?sort=asc&order=comune,2
https://www.studenti.unige.it/lavoro/tirocini/convenzioni/0/?sort=asc&order=categoria,4
https://www.studenti.unige.it/lavoro/tirocini/convenzioni/0/?sort=asc&order=categoria,2
https://www.studenti.unige.it/lavoro/tirocini/convenzioni/0/?sort=desc&order=azienda,4
https://www.studenti.unige.it/lavoro/tirocini/convenzioni/0/?sort=desc&order=azienda,2
https://www.studenti.unige.it/lavoro/tirocini/convenzioni/4/?sort=asc&order=comune,1
https://www.studenti.unige.it/lavoro/tirocini/convenzioni/4/?sort=asc&order=categoria,1
https://www.studenti.unige.it/lavoro/tirocini/convenzioni/4/?sort=desc&order=azienda,1
https://www.studenti.unige.it/lavoro/tirocini/convenzioni/27/?sort=asc&order=comune,7
https://www.studenti.unige.it/lavoro/tirocini/convenzioni/27/?sort=asc&order=categoria,7
https://www.studenti.unige.it/lavoro/tirocini/convenzioni/27/?sort=desc&order=azienda,7
https://www.studenti.unige.it/lavoro/tirocini/convenzioni/6/?sort=asc&order=comune,1
https://www.studenti.unige.it/lavoro/tirocini/convenzioni/6/?sort=asc&order=categoria,1
https://www.studenti.unige.it/lavoro/tirocini/convenzioni/6/?sort=desc&order=azienda,1
https://www.studenti.unige.it/lavoro/tirocini/convenzioni/45/?sort=desc&order=azienda,2
https://www.studenti.unige.it/lavoro/tirocini/convenzioni/5/?sort=asc&order=comune,1
https://www.studenti.unige.it/lavoro/tirocini/convenzioni/5/?sort=asc&order=categoria,1
https://www.studenti.unige.it/lavoro/tirocini/convenzioni/5/?sort=desc&order=azienda,1
https://www.studenti.unige.it/lavoro/tirocini/convenzioni/7/?sort=desc&order=azienda,4
https://www.studenti.unige.it/lavoro/tirocini/convenzioni/2/?sort=asc&order=comune,4
https://www.studenti.unige.it/lavoro/tirocini/convenzioni/2/?sort=asc&order=categoria,4
https://www.studenti.unige.it/lavoro/tirocini/convenzioni/2/?sort=desc&order=azienda,4
https://www.studenti.unige.it/lavoro/tirocini/convenzioni/100012/?sort=asc&order=comune,4
https://www.studenti.unige.it/lavoro/tirocini/convenzioni/100012/?sort=asc&order=comune,1
https://www.studenti.unige.it/lavoro/tirocini/convenzioni/100012/?sort=asc&order=categoria,4
https://www.studenti.unige.it/lavoro/tirocini/convenzioni/100012/?sort=asc&order=categoria,1
https://www.studenti.unige.it/lavoro/tirocini/convenzioni/100012/?sort=desc&order=azienda,4
https://www.studenti.unige.it/lavoro/tirocini/convenzioni/100012/?sort=desc&order=azienda,1
https://www.studenti.unige.it/lavoro/tirocini/convenzioni/100006/?sort=asc&order=comune,7
https://www.studenti.unige.it/lavoro/tirocini/convenzioni/100006/?sort=asc&order=categoria,7
https://www.studenti.unige.it/lavoro/tirocini/convenzioni/100006/?sort=desc&order=azienda,7
https://www.studenti.unige.it/lavoro/tirocini/convenzioni/9/?sort=asc&order=provincia,7
https://www.studenti.unige.it/lavoro/tirocini/convenzioni/9/?sort=asc&order=provincia,4
https://www.studenti.unige.it/lavoro/tirocini/convenzioni/1/?sort=asc&order=provincia,4
https://www.studenti.unige.it/lavoro/tirocini/convenzioni/8/?sort=asc&order=provincia,7
https://www.studenti.unige.it/lavoro/tirocini/convenzioni/8/?sort=asc&order=comune,7
https://www.studenti.unige.it/lavoro/tirocini/convenzioni/28/?sort=asc&order=provincia,4
https://www.studenti.unige.it/lavoro/tirocini/convenzioni/28/?sort=asc&order=provincia,7
https://www.studenti.unige.it/lavoro/tirocini/convenzioni/10/?sort=asc&order=provincia,4
https://www.studenti.unige.it/lavoro/tirocini/convenzioni/10/?sort=asc&order=comune,4
https://www.studenti.unige.it/lavoro/tirocini/convenzioni/10/?sort=asc&order=categoria,4
https://www.studenti.unige.it/lavoro/tirocini/convenzioni/10/?sort=desc&order=azienda,4
https://www.studenti.unige.it/lavoro/tirocini/convenzioni/28/?sort=asc&order=comune,4
https://www.studenti.unige.it/lavoro/tirocini/convenzioni/28/?sort=asc&order=comune,7
https://www.studenti.unige.it/lavoro/tirocini/convenzioni/28/?sort=asc&order=categoria,4
https://www.studenti.unige.it/lavoro/tirocini/convenzioni/28/?sort=asc&order=categoria,7
https://www.studenti.unige.it/lavoro/tirocini/convenzioni/28/?sort=desc&order=azienda,4
https://www.studenti.unige.it/lavoro/tirocini/convenzioni/28/?sort=desc&order=azienda,7
https://www.studenti.unige.it/lavoro/tirocini/convenzioni/8/?sort=asc&order=categoria,7
https://www.studenti.unige.it/lavoro/tirocini/convenzioni/8/?sort=desc&order=azienda,7
https://www.studenti.unige.it/lavoro/tirocini/convenzioni/1/?sort=asc&order=comune,4
https://www.studenti.unige.it/lavoro/tirocini/convenzioni/1/?sort=asc&order=categoria,4
https://www.studenti.unige.it/lavoro/tirocini/convenzioni/1/?sort=desc&order=azienda,4
https://www.studenti.unige.it/lavoro/tirocini/convenzioni/9/?sort=asc&order=comune,7
https://www.studenti.unige.it/lavoro/tirocini/convenzioni/9/?sort=asc&order=comune,4
https://www.studenti.unige.it/lavoro/tirocini/convenzioni/9/?sort=asc&order=categoria,7
https://www.studenti.unige.it/lavoro/tirocini/convenzioni/9/?sort=asc&order=categoria,4
https://www.studenti.unige.it/lavoro/tirocini/convenzioni/9/?sort=desc&order=azienda,7
https://www.studenti.unige.it/lavoro/tirocini/convenzioni/9/?sort=desc&order=azienda,4
https://www.studenti.unige.it/postlaurea/dottorati/XXXIV/,6
https://www.studenti.unige.it/postlaurea/dottorati/XXXIV/,0
https://www.studenti.unige.it/taxonomy/term/26/?page=3,8
https://www.studenti.unige.it/taxonomy/term/26/?page=2,8
https://www.studenti.unige.it/taxonomy/term/26/?page=1,8
https://www.studenti.unige.it/node/1726/,8
https://www.studenti.unige.it/node/1726/,6
https://www.studenti.unige.it/node/1726/,1
https://www.studenti.unige.it/node/1726/,0
https://www.studenti.unige.it/node/1709/,8
https://www.studenti.unige.it/node/1709/,6
https://www.studenti.unige.it/node/1709/,0
https://www.studenti.unige.it/node/1709/,2
https://www.studenti.unige.it/postlaurea/perfezionamento/modperfez/,8
https://www.studenti.unige.it/postlaurea/perfezionamento/modperfez/,5
https://www.studenti.unige.it/attivita/tutorato/didattici/,0
https://www.studenti.unige.it/attivita/tutorato/didattici/,6
https://www.studenti.unige.it/attivita/tutorato/didattici/,3
https://www.studenti.unige.it/attivita/tutorato/didattici/,8
https://www.studenti.unige.it/node/945/,0
https://www.studenti.unige.it/node/945/,1
https://www.studenti.unige.it/node/945/,2
https://www.studenti.unige.it/node/945/,3
https://www.studenti.unige.it/node/945/,4
https://www.studenti.unige.it/node/945/,5
https://www.studenti.unige.it/node/945/,6
https://www.studenti.unige.it/node/945/,7
https://www.studenti.unige.it/node/945/,8
https://www.studenti.unige.it/node/923/,0
https://www.studenti.unige.it/node/923/,1
https://www.studenti.unige.it/node/923/,2
https://www.studenti.unige.it/node/923/,3
https://www.studenti.unige.it/node/923/,4
https://www.studenti.unige.it/node/923/,5
https://www.studenti.unige.it/node/923/,6
https://www.studenti.unige.it/node/923/,7
https://www.studenti.unige.it/node/923/,8
https://www.studenti.unige.it/node/928/,8
https://www.studenti.unige.it/node/928/,6
https://www.studenti.unige.it/node/928/,3
https://www.studenti.unige.it/node/928/,1
https://www.studenti.unige.it/node/928/,5
https://www.studenti.unige.it/node/928/,0
https://www.studenti.unige.it/node/1020/,8
https://www.studenti.unige.it/node/1020/,6
https://www.studenti.unige.it/node/1020/,0
https://www.studenti.unige.it/node/1020/,1
https://www.studenti.unige.it/taxonomy/term/28/?page=1,6
https://www.studenti.unige.it/taxonomy/term/28/?page=1,8
https://www.studenti.unige.it/node/1242/,8
https://www.studenti.unige.it/node/1308/,8
https://www.studenti.unige.it/node/1308/,6
https://www.studenti.unige.it/node/1308/,3
https://www.studenti.unige.it/node/1308/,1
https://www.studenti.unige.it/node/1308/,5
https://www.studenti.unige.it/node/1308/,0
https://www.studenti.unige.it/node/1316/,8
https://www.studenti.unige.it/node/1338/,8
https://www.studenti.unige.it/node/1368/,0
https://www.studenti.unige.it/node/1368/,1
https://www.studenti.unige.it/node/1368/,2
https://www.studenti.unige.it/node/1368/,3
https://www.studenti.unige.it/node/1368/,4
https://www.studenti.unige.it/node/1368/,5
https://www.studenti.unige.it/node/1368/,6
https://www.studenti.unige.it/node/1368/,7
https://www.studenti.unige.it/node/1368/,8
https://www.studenti.unige.it/node/1439/,6
https://www.studenti.unige.it/node/1439/,8
https://www.studenti.unige.it/node/1441/,6
https://www.studenti.unige.it/node/1441/,8
https://www.studenti.unige.it/node/1558/,8
https://www.studenti.unige.it/node/1558/,0
https://www.studenti.unige.it/node/1558/,3
https://www.studenti.unige.it/node/1558/,6
https://www.studenti.unige.it/node/900/,8
https://www.studenti.unige.it/node/900/,5
https://www.studenti.unige.it/node/970/,8
https://www.studenti.unige.it/node/970/,3
https://www.studenti.unige.it/node/1018/,0
https://www.studenti.unige.it/node/1018/,6
https://www.studenti.unige.it/node/1018/,3
https://www.studenti.unige.it/node/1018/,5
https://www.studenti.unige.it/node/1018/,8
https://www.studenti.unige.it/node/1018/,7
https://www.studenti.unige.it/node/1061/,8
https://www.studenti.unige.it/node/1061/,3
https://www.studenti.unige.it/node/1061/,0
https://www.studenti.unige.it/node/1061/,6
https://www.studenti.unige.it/node/1177/,0
https://www.studenti.unige.it/node/1177/,1
https://www.studenti.unige.it/node/1177/,2
https://www.studenti.unige.it/node/1177/,3
https://www.studenti.unige.it/node/1177/,4
https://www.studenti.unige.it/node/1177/,5
https://www.studenti.unige.it/node/1177/,6
https://www.studenti.unige.it/node/1177/,7
https://www.studenti.unige.it/node/1177/,8
https://www.studenti.unige.it/node/1244/,3
https://www.studenti.unige.it/node/1244/,8
https://www.studenti.unige.it/node/1244/,0
https://www.studenti.unige.it/node/1244/,6
https://www.studenti.unige.it/node/1244/,5
https://www.studenti.unige.it/node/1244/,1
https://www.studenti.unige.it/node/1361/,0
https://www.studenti.unige.it/node/1361/,1
https://www.studenti.unige.it/node/1361/,2
https://www.studenti.unige.it/node/1361/,3
https://www.studenti.unige.it/node/1361/,4
https://www.studenti.unige.it/node/1361/,5
https://www.studenti.unige.it/node/1361/,6
https://www.studenti.unige.it/node/1361/,7
https://www.studenti.unige.it/node/1361/,8
https://www.studenti.unige.it/node/1446/,8
https://www.studenti.unige.it/node/1446/,3
https://www.studenti.unige.it/node/1446/,0
https://www.studenti.unige.it/node/1446/,6
https://www.studenti.unige.it/node/1446/,5
https://www.studenti.unige.it/node/1446/,1
https://www.studenti.unige.it/node/1546/,0
https://www.studenti.unige.it/node/1546/,1
https://www.studenti.unige.it/node/1546/,2
https://www.studenti.unige.it/node/1546/,3
https://www.studenti.unige.it/node/1546/,4
https://www.studenti.unige.it/node/1546/,5
https://www.studenti.unige.it/node/1546/,6
https://www.studenti.unige.it/node/1546/,7
https://www.studenti.unige.it/node/1546/,8
https://www.studenti.unige.it/node/1619/,8
https://www.studenti.unige.it/node/1548/,8
https://www.studenti.unige.it/node/1548/,5
https://www.studenti.unige.it/node/1548/,3
https://www.studenti.unige.it/node/1548/,1
https://www.studenti.unige.it/node/1548/,4
https://www.studenti.unige.it/node/1548/,7
https://www.studenti.unige.it/node/1501/,8
https://www.studenti.unige.it/node/1501/,6
https://www.studenti.unige.it/node/659/,6
https://www.studenti.unige.it/taxonomy/term/10/,8
https://www.studenti.unige.it/node/885/,8
https://www.studenti.unige.it/node/916/,0
https://www.studenti.unige.it/node/916/,1
https://www.studenti.unige.it/node/916/,2
https://www.studenti.unige.it/node/916/,3
https://www.studenti.unige.it/node/916/,4
https://www.studenti.unige.it/node/916/,5
https://www.studenti.unige.it/node/916/,6
https://www.studenti.unige.it/node/916/,7
https://www.studenti.unige.it/node/916/,8
https://www.studenti.unige.it/node/1072/,8
https://www.studenti.unige.it/node/1072/,3
https://www.studenti.unige.it/node/1072/,0
https://www.studenti.unige.it/node/1072/,6
https://www.studenti.unige.it/node/1072/,5
https://www.studenti.unige.it/node/1072/,1
https://www.studenti.unige.it/node/1205/,0
https://www.studenti.unige.it/node/1205/,1
https://www.studenti.unige.it/node/1205/,2
https://www.studenti.unige.it/node/1205/,3
https://www.studenti.unige.it/node/1205/,4
https://www.studenti.unige.it/node/1205/,5
https://www.studenti.unige.it/node/1205/,6
https://www.studenti.unige.it/node/1205/,7
https://www.studenti.unige.it/node/1205/,8
https://www.studenti.unige.it/node/1393/,0
https://www.studenti.unige.it/node/1393/,1
https://www.studenti.unige.it/node/1393/,2
https://www.studenti.unige.it/node/1393/,3
https://www.studenti.unige.it/node/1393/,4
https://www.studenti.unige.it/node/1393/,5
https://www.studenti.unige.it/node/1393/,6
https://www.studenti.unige.it/node/1393/,7
https://www.studenti.unige.it/node/1393/,8
https://www.studenti.unige.it/node/1560/,0
https://www.studenti.unige.it/node/1560/,1
https://www.studenti.unige.it/node/1560/,2
https://www.studenti.unige.it/node/1560/,3
https://www.studenti.unige.it/node/1560/,4
https://www.studenti.unige.it/node/1560/,5
https://www.studenti.unige.it/node/1560/,6
https://www.studenti.unige.it/node/1560/,7
https://www.studenti.unige.it/node/1560/,8
https://www.studenti.unige.it/node/1562/,8
https://www.studenti.unige.it/node/1562/,5
https://www.studenti.unige.it/node/1562/,3
https://www.studenti.unige.it/node/1562/,0
https://www.studenti.unige.it/area/scuola-di-scienze-umanistiche,8
https://www.studenti.unige.it/node/1564/,0
https://www.studenti.unige.it/node/1564/,1
https://www.studenti.unige.it/node/1564/,2
https://www.studenti.unige.it/node/1564/,3
https://www.studenti.unige.it/node/1564/,4
https://www.studenti.unige.it/node/1564/,5
https://www.studenti.unige.it/node/1564/,6
https://www.studenti.unige.it/node/1564/,7
https://www.studenti.unige.it/node/1564/,8
https://www.studenti.unige.it/node/1567/,8
https://www.studenti.unige.it/node/1567/,0
https://www.studenti.unige.it/node/1567/,3
https://www.studenti.unige.it/node/1567/,6
https://www.studenti.unige.it/node/1569/,8
https://www.studenti.unige.it/node/1569/,0
https://www.studenti.unige.it/node/1569/,6
https://www.studenti.unige.it/node/1569/,3
https://www.studenti.unige.it/node/1569/,2
https://www.studenti.unige.it/node/1569/,7
https://www.studenti.unige.it/node/1571/,0
https://www.studenti.unige.it/node/1571/,1
https://www.studenti.unige.it/node/1571/,2
https://www.studenti.unige.it/node/1571/,3
https://www.studenti.unige.it/node/1571/,4
https://www.studenti.unige.it/node/1571/,5
https://www.studenti.unige.it/node/1571/,6
https://www.studenti.unige.it/node/1571/,7
https://www.studenti.unige.it/node/1571/,8
https://www.studenti.unige.it/node/1572/,8
https://www.studenti.unige.it/node/1572/,3
https://www.studenti.unige.it/node/1580/,6
https://www.studenti.unige.it/node/1580/,3
https://www.studenti.unige.it/node/1580/,8
https://www.studenti.unige.it/node/1580/,0
https://www.studenti.unige.it/node/1580/,1
https://www.studenti.unige.it/node/1580/,5
https://www.studenti.unige.it/node/1431/,8
https://www.studenti.unige.it/node/1431/,6
https://www.studenti.unige.it/node/1431/,1
https://www.studenti.unige.it/node/1431/,4
https://www.studenti.unige.it/node/1431/,3
https://www.studenti.unige.it/node/1431/,5
https://www.studenti.unige.it/node/1469/,8
https://www.studenti.unige.it/node/1469/,3
https://www.studenti.unige.it/node/1469/,6
https://www.studenti.unige.it/node/1469/,0
https://www.studenti.unige.it/node/1470/,3
https://www.studenti.unige.it/node/1470/,8
https://www.studenti.unige.it/node/1470/,0
https://www.studenti.unige.it/node/1470/,6
https://www.studenti.unige.it/node/1477/,8
https://www.studenti.unige.it/node/1477/,5
https://www.studenti.unige.it/node/1477/,3
https://www.studenti.unige.it/node/1477/,2
https://www.studenti.unige.it/node/1477/,7
https://www.studenti.unige.it/node/1477/,1
https://www.studenti.unige.it/node/1509/,8
https://www.studenti.unige.it/node/1509/,6
https://www.studenti.unige.it/node/1509/,3
https://www.studenti.unige.it/node/1509/,1
https://www.studenti.unige.it/node/1509/,5
https://www.studenti.unige.it/node/1509/,0
https://www.studenti.unige.it/node/1552/,0
https://www.studenti.unige.it/node/1552/,1
https://www.studenti.unige.it/node/1552/,2
https://www.studenti.unige.it/node/1552/,3
https://www.studenti.unige.it/node/1552/,4
https://www.studenti.unige.it/node/1552/,5
https://www.studenti.unige.it/node/1552/,6
https://www.studenti.unige.it/node/1552/,7
https://www.studenti.unige.it/node/1552/,8
https://www.studenti.unige.it/node/1554/,0
https://www.studenti.unige.it/node/1554/,1
https://www.studenti.unige.it/node/1554/,2
https://www.studenti.unige.it/node/1554/,3
https://www.studenti.unige.it/node/1554/,4
https://www.studenti.unige.it/node/1554/,5
https://www.studenti.unige.it/node/1554/,6
https://www.studenti.unige.it/node/1554/,7
https://www.studenti.unige.it/node/1554/,8
https://www.studenti.unige.it/node/1555/,8
https://www.studenti.unige.it/node/1556/,8
https://www.studenti.unige.it/node/1556/,5
https://www.studenti.unige.it/node/1556/,2
https://www.studenti.unige.it/node/1556/,3
https://www.studenti.unige.it/node/1556/,4
https://www.studenti.unige.it/node/1556/,6
https://www.studenti.unige.it/node/1215/,3
https://www.studenti.unige.it/node/1215/,8
https://www.studenti.unige.it/node/1215/,0
https://www.studenti.unige.it/node/1215/,6
https://www.studenti.unige.it/node/1230/,6
https://www.studenti.unige.it/node/1230/,3
https://www.studenti.unige.it/node/1230/,8
https://www.studenti.unige.it/node/1230/,0
https://www.studenti.unige.it/node/1267/,8
https://www.studenti.unige.it/node/1267/,6
https://www.studenti.unige.it/node/1267/,3
https://www.studenti.unige.it/node/1267/,1
https://www.studenti.unige.it/node/1267/,5
https://www.studenti.unige.it/node/1267/,0
https://www.studenti.unige.it/node/1268/,0
https://www.studenti.unige.it/node/1268/,1
https://www.studenti.unige.it/node/1268/,2
https://www.studenti.unige.it/node/1268/,3
https://www.studenti.unige.it/node/1268/,4
https://www.studenti.unige.it/node/1268/,5
https://www.studenti.unige.it/node/1268/,6
https://www.studenti.unige.it/node/1268/,7
https://www.studenti.unige.it/node/1268/,8
https://www.studenti.unige.it/node/1284/,8
https://www.studenti.unige.it/node/1284/,3
https://www.studenti.unige.it/node/1284/,5
https://www.studenti.unige.it/node/1284/,2
https://www.studenti.unige.it/node/1341/,0
https://www.studenti.unige.it/node/1341/,1
https://www.studenti.unige.it/node/1341/,2
https://www.studenti.unige.it/node/1341/,3
https://www.studenti.unige.it/node/1341/,4
https://www.studenti.unige.it/node/1341/,5
https://www.studenti.unige.it/node/1341/,6
https://www.studenti.unige.it/node/1341/,7
https://www.studenti.unige.it/node/1341/,8
https://www.studenti.unige.it/node/1359/,8
https://www.studenti.unige.it/node/1359/,6
https://www.studenti.unige.it/node/1359/,1
https://www.studenti.unige.it/node/1359/,4
https://www.studenti.unige.it/node/1359/,3
https://www.studenti.unige.it/node/1359/,5
https://www.studenti.unige.it/node/1371/,8
https://www.studenti.unige.it/node/1371/,0
https://www.studenti.unige.it/node/1371/,3
https://www.studenti.unige.it/node/1371/,6
https://www.studenti.unige.it/node/1389/,8
https://www.studenti.unige.it/node/1389/,3
https://www.studenti.unige.it/node/1389/,6
https://www.studenti.unige.it/node/1389/,0
https://www.studenti.unige.it/node/1087/,8
https://www.studenti.unige.it/node/1087/,6
https://www.studenti.unige.it/node/1087/,3
https://www.studenti.unige.it/node/1087/,1
https://www.studenti.unige.it/node/1087/,5
https://www.studenti.unige.it/node/1087/,0
https://www.studenti.unige.it/node/1089/,8
https://www.studenti.unige.it/node/1089/,5
https://www.studenti.unige.it/node/1089/,3
https://www.studenti.unige.it/node/1089/,2
https://www.studenti.unige.it/node/1089/,7
https://www.studenti.unige.it/node/1089/,1
https://www.studenti.unige.it/node/1099/,0
https://www.studenti.unige.it/node/1099/,1
https://www.studenti.unige.it/node/1099/,2
https://www.studenti.unige.it/node/1099/,3
https://www.studenti.unige.it/node/1099/,4
https://www.studenti.unige.it/node/1099/,5
https://www.studenti.unige.it/node/1099/,6
https://www.studenti.unige.it/node/1099/,7
https://www.studenti.unige.it/node/1099/,8
https://www.studenti.unige.it/node/1124/,0
https://www.studenti.unige.it/node/1124/,1
https://www.studenti.unige.it/node/1124/,2
https://www.studenti.unige.it/node/1124/,3
https://www.studenti.unige.it/node/1124/,4
https://www.studenti.unige.it/node/1124/,5
https://www.studenti.unige.it/node/1124/,6
https://www.studenti.unige.it/node/1124/,7
https://www.studenti.unige.it/node/1124/,8
https://www.studenti.unige.it/node/1134/,8
https://www.studenti.unige.it/node/1134/,3
https://www.studenti.unige.it/node/1134/,5
https://www.studenti.unige.it/node/1134/,2
https://www.studenti.unige.it/node/1135/,8
https://www.studenti.unige.it/node/1135/,3
https://www.studenti.unige.it/node/1136/,8
https://www.studenti.unige.it/node/1136/,6
https://www.studenti.unige.it/node/1136/,0
https://www.studenti.unige.it/node/1136/,5
https://www.studenti.unige.it/node/1136/,1
https://www.studenti.unige.it/node/1136/,3
https://www.studenti.unige.it/node/1171/,8
https://www.studenti.unige.it/node/1197/,3
https://www.studenti.unige.it/node/1197/,8
https://www.studenti.unige.it/node/1197/,0
https://www.studenti.unige.it/node/1197/,6
https://www.studenti.unige.it/node/1197/,5
https://www.studenti.unige.it/node/1197/,1
https://www.studenti.unige.it/node/1026/,0
https://www.studenti.unige.it/node/1026/,1
https://www.studenti.unige.it/node/1026/,2
https://www.studenti.unige.it/node/1026/,3
https://www.studenti.unige.it/node/1026/,4
https://www.studenti.unige.it/node/1026/,5
https://www.studenti.unige.it/node/1026/,6
https://www.studenti.unige.it/node/1026/,7
https://www.studenti.unige.it/node/1026/,8
https://www.studenti.unige.it/node/1033/,8
https://www.studenti.unige.it/node/1033/,3
https://www.studenti.unige.it/node/1033/,0
https://www.studenti.unige.it/node/1033/,6
https://www.studenti.unige.it/node/1038/,0
https://www.studenti.unige.it/node/1038/,1
https://www.studenti.unige.it/node/1038/,2
https://www.studenti.unige.it/node/1038/,3
https://www.studenti.unige.it/node/1038/,4
https://www.studenti.unige.it/node/1038/,5
https://www.studenti.unige.it/node/1038/,6
https://www.studenti.unige.it/node/1038/,7
https://www.studenti.unige.it/node/1038/,8
https://www.studenti.unige.it/node/888/,0
https://www.studenti.unige.it/node/888/,1
https://www.studenti.unige.it/node/888/,2
https://www.studenti.unige.it/node/888/,3
https://www.studenti.unige.it/node/888/,4
https://www.studenti.unige.it/node/888/,5
https://www.studenti.unige.it/node/888/,6
https://www.studenti.unige.it/node/888/,7
https://www.studenti.unige.it/node/888/,8
https://www.studenti.unige.it/node/901/,0
https://www.studenti.unige.it/node/901/,1
https://www.studenti.unige.it/node/901/,2
https://www.studenti.unige.it/node/901/,3
https://www.studenti.unige.it/node/901/,4
https://www.studenti.unige.it/node/901/,5
https://www.studenti.unige.it/node/901/,6
https://www.studenti.unige.it/node/901/,7
https://www.studenti.unige.it/node/901/,8
https://www.studenti.unige.it/node/902/,0
https://www.studenti.unige.it/node/902/,1
https://www.studenti.unige.it/node/902/,2
https://www.studenti.unige.it/node/902/,3
https://www.studenti.unige.it/node/902/,4
https://www.studenti.unige.it/node/902/,5
https://www.studenti.unige.it/node/902/,6
https://www.studenti.unige.it/node/902/,7
https://www.studenti.unige.it/node/902/,8
https://www.studenti.unige.it/node/903/,8
https://www.studenti.unige.it/node/903/,5
https://www.studenti.unige.it/node/903/,3
https://www.studenti.unige.it/node/903/,2
https://www.studenti.unige.it/node/903/,7
https://www.studenti.unige.it/node/903/,1
https://www.studenti.unige.it/node/907/,0
https://www.studenti.unige.it/node/907/,1
https://www.studenti.unige.it/node/907/,2
https://www.studenti.unige.it/node/907/,3
https://www.studenti.unige.it/node/907/,4
https://www.studenti.unige.it/node/907/,5
https://www.studenti.unige.it/node/907/,6
https://www.studenti.unige.it/node/907/,7
https://www.studenti.unige.it/node/907/,8
https://www.studenti.unige.it/node/1534/,8
https://www.studenti.unige.it/node/1534/,6
