,id,url,topic
0,0,https://www.studenti.unige.it,2
1,1,https://www.studenti.unige.it/orientamento/opendaycorsi/,1
2,2,https://www.studenti.unige.it/portalescuole/,1
3,3,https://www.studenti.unige.it/tasse/importi/,2
4,4,https://www.studenti.unige.it/unigepericampioni/,4
5,5,https://www.studenti.unige.it/istituto-studi-superiori-issuge/,1
6,6,https://www.studenti.unige.it/modulistica/,2
7,7,https://www.studenti.unige.it/areaint/,2
8,8,https://www.studenti.unige.it/orientamento/spaziogenitori/,1
9,9,https://www.studenti.unige.it/iscrizioni/immatricolazioni/preiscrizioni_test/,2
10,10,https://www.studenti.unige.it/portalescuole/eventi/,1
11,11,https://www.studenti.unige.it/areaint/studiareestero/,1
12,12,https://www.studenti.unige.it/studenti_unige/,4
13,13,https://www.studenti.unige.it/future_matricole/,1
14,14,https://www.studenti.unige.it/portalescuole/seminari/,1
15,15,https://www.studenti.unige.it/tasse/importi/gruppi_contributivi/,1
16,16,https://www.studenti.unige.it/Issuge_anni_precdenti/,2
17,17,https://www.studenti.unige.it/portalescuole/eventi/convegnoasl_atti/,3
18,18,https://www.studenti.unige.it/postlaurea/master/,3
19,20,https://www.studenti.unige.it/tasse/certificazione,4
20,21,https://www.studenti.unige.it/orientamento/valutazione,1
21,22,https://www.studenti.unige.it/postlaurea/master/modmaster/,3
22,24,https://www.studenti.unige.it/postlaurea/master/scaduti/chiusi,3
23,25,https://www.studenti.unige.it/postlaurea/attivazione,1
24,26,https://www.studenti.unige.it/postlaurea/master/scaduti/,3
25,27,https://www.studenti.unige.it/postlaurea/master/scaduti/chiusi/?page=10,3
26,28,https://www.studenti.unige.it/postlaurea/master/scaduti/chiusi/?page=8,3
27,29,https://www.studenti.unige.it/postlaurea/master/scaduti/chiusi/?page=5,3
28,30,https://www.studenti.unige.it/postlaurea/master/scaduti/chiusi/?page=7,3
29,31,https://www.studenti.unige.it/postlaurea/master/scaduti/chiusi/?page=6,3
30,32,https://www.studenti.unige.it/postlaurea/master/scaduti/chiusi/?page=4,3
31,33,https://www.studenti.unige.it/postlaurea/master/scaduti/chiusi/?page=2,3
32,34,https://www.studenti.unige.it/postlaurea/master/scaduti/chiusi/?page=3,3
33,35,https://www.studenti.unige.it/postlaurea/master/scaduti/chiusi/?page=1,3
34,37,https://www.studenti.unige.it/postlaurea/master/scaduti/chiusi/?page=9,3
35,42,https://www.studenti.unige.it/offertaformativa/,2
36,48,https://www.studenti.unige.it/offertaformativa/laureemagistrali20172018/,0
37,49,https://www.studenti.unige.it/offertaformativa/lauree20172018/,2
38,50,https://www.studenti.unige.it/offertaformativa/strutt_perc/img_longdesc/,1
39,51,https://www.studenti.unige.it/offertaformativa/anniprecedenti/,2
40,52,https://www.studenti.unige.it/offertaformativa/strutt_perc/,1
41,53,https://www.studenti.unige.it/offertaformativa/corsi_elearning/,1
42,54,https://www.studenti.unige.it/iscrizioni/preimmatricolazioni/,2
43,55,https://www.studenti.unige.it/mediodontoarch/,2
44,56,https://www.studenti.unige.it/all4-biotec17/,4
45,57,https://www.studenti.unige.it/offertaformativa/adesaur/,0
46,58,https://www.studenti.unige.it/offertaformativa/verifica/,2
47,59,https://www.studenti.unige.it/offertaformativa/anniprecedenti/lm20152016/,0
48,60,https://www.studenti.unige.it/offertaformativa/anniprecedenti/lmcu20152016/,0
49,61,https://www.studenti.unige.it/offertaformativa/anniprecedenti/lm20162017/,0
50,62,https://www.studenti.unige.it/corsilmprof17/,2
51,63,https://www.studenti.unige.it/offertaformativa/anniprecedenti/lmcu20162017/,2
52,65,https://www.studenti.unige.it/offertaformativa/anniprecedenti/lm20132014/,0
53,66,https://www.studenti.unige.it/offertaformativa/anniprecedenti/llmcu20132014/,0
54,67,https://www.studenti.unige.it/offertaformativa/anniprecedenti/lm20142015/,0
55,68,https://www.studenti.unige.it/offertaformativa/anniprecedenti/lmcu20142015/,0
56,69,https://www.studenti.unige.it/areaint/foreignstudents/votazione/,4
57,70,https://www.studenti.unige.it/sanitarie16/,2
58,71,https://www.studenti.unige.it/all9-ttmi/,4
59,72,https://www.studenti.unige.it/all7-pedagogiche/,4
60,73,https://www.studenti.unige.it/all5-motoriesport/,4
61,74,https://www.studenti.unige.it/all8-tecnichepsico/,4
62,75,https://www.studenti.unige.it/sdf_2016/,2
63,76,https://www.studenti.unige.it/scienzearch16/,2
64,77,https://www.studenti.unige.it/all3-biologiche/,4
65,78,https://www.studenti.unige.it/medionto16/,2
66,79,https://www.studenti.unige.it/all1-design-prodnau/,4
67,80,https://www.studenti.unige.it/all6ctf-farma/,4
68,81,https://www.studenti.unige.it/all4-biotec/,4
69,82,https://www.studenti.unige.it/saniterie16all_a/,4
70,83,https://www.studenti.unige.it/sanitariemagistrali16/,2
71,85,https://www.studenti.unige.it/all2-archi-ingedi/,2
72,86,https://www.studenti.unige.it/corsiprogrloc,2
73,88,https://www.studenti.unige.it/offertaformativa/anniprecedenti/lmcu20172018/,2
74,89,https://www.studenti.unige.it/all9-ttmi17/,4
75,90,https://www.studenti.unige.it/all7-pedagogiche17/,4
76,91,https://www.studenti.unige.it/all5-scienzemotorie17/,4
77,92,https://www.studenti.unige.it/all8-psicologiche17/,4
78,93,https://www.studenti.unige.it/sdf_2017/,2
79,94,https://www.studenti.unige.it/scienzearch17/,2
80,95,https://www.studenti.unige.it/all3-scienzebio17/,4
81,96,https://www.studenti.unige.it/postlaurea/specializzazione/,1
82,97,https://www.studenti.unige.it/sanitarie17/,2
83,98,https://www.studenti.unige.it/all1-designprodnau17/,4
84,99,https://www.studenti.unige.it/medionto17/,2
85,100,https://www.studenti.unige.it/all6-farmactf17/,4
86,101,https://www.studenti.unige.it/postlaurea/specializzazione/umanistica/,1
87,102,https://www.studenti.unige.it/all10-hydroraphy17/,4
88,103,https://www.studenti.unige.it/corsiprogrloc17/,2
89,104,https://www.studenti.unige.it/postlaurea/specializzazione/giuridica/,2
90,105,https://www.studenti.unige.it/postlaurea/specializzazione/sanitaria_altri/,4
91,106,https://www.studenti.unige.it/postlaurea/specializzazione/sanitaria_med/,1
92,107,https://www.studenti.unige.it/all2-archi-ingediarch17/,2
93,108,https://www.studenti.unige.it/servizi/segreterie/certificati/,1
94,109,https://www.studenti.unige.it/servizi,1
95,110,https://www.studenti.unige.it/areaint/studiareestero/erasmusplus/,1
96,111,https://www.studenti.unige.it/tasse/pagamento_online/,1
97,113,https://www.studenti.unige.it/tasse/importi/en/,2
98,114,https://www.studenti.unige.it/portalescuole/glues/,2
99,115,https://www.studenti.unige.it/portalescuole/incontri/,1
100,116,https://www.studenti.unige.it/orientamento/iris/,1
101,117,https://www.studenti.unige.it/portalescuole/pls/,2
102,118,https://www.studenti.unige.it/postlaurea/formazioneinsegnanti/,1
103,119,https://www.studenti.unige.it/servizi/aulestudio/,1
104,120,https://www.studenti.unige.it/servizi/fotografi/,1
105,121,https://www.studenti.unige.it/servizi/servizi/,0
106,122,https://www.studenti.unige.it/iscrizioni/tempo_pienoparz/,1
107,123,https://www.studenti.unige.it/areaint/studiareestero/erasmusplus/en,0
108,124,https://www.studenti.unige.it/tasse/importi/esoneri,2
109,125,https://www.studenti.unige.it/postlaurea/formazioneinsegnanti/post,1
110,126,https://www.studenti.unige.it/postlaurea/formazioneinsegnanti/sostegno,1
111,127,https://www.studenti.unige.it/postlaurea/formazioneinsegnanti/post/grado/,1
112,128,https://www.studenti.unige.it/areaint/test/erasmus/ects/,1
113,129,https://www.studenti.unige.it/postlaurea/formazioneinsegnanti/post/primaria/,3
114,130,https://www.studenti.unige.it/areaint/studiareestero/erasmusplus/organizzazione/,1
115,131,https://www.studenti.unige.it/areaint/studiareestero/erasmusplus/mobipers/,3
116,132,https://www.studenti.unige.it/areaint/studiareestero/erasmusplus/mobstudeneo/,1
117,133,https://www.studenti.unige.it/tasse/benefici/familiari/,2
118,134,https://www.studenti.unige.it/servizi/genuawifi/,1
119,135,https://www.studenti.unige.it/iscrizioni/singole_attivita/,4
120,136,https://www.studenti.unige.it/iscrizioni/singole_attivita/acc_prog/,2
121,137,https://www.studenti.unige.it/iscrizioni/singole_attivita/acc_lib/,1
122,138,https://www.studenti.unige.it/areaint/studiareestero/erasmusplus/mobstudeneo/tirocinio/,1
123,139,https://www.studenti.unige.it/areaint/studiareestero/erasmusplus/mobstudeneo/studio/,1
124,140,https://www.studenti.unige.it/tasse/iseeuparificato,1
125,141,https://www.studenti.unige.it/tasse/iseeuparificato/en/,4
126,142,https://www.studenti.unige.it/postlaurea/formazioneinsegnanti/pas/,1
127,143,https://www.studenti.unige.it/postlaurea/formazioneinsegnanti/tfa/,1
128,144,https://www.studenti.unige.it/servizi/biblioteche/,1
129,145,https://www.studenti.unige.it/servizi/mense/,4
130,146,https://www.studenti.unige.it/servizi/alloggi/,1
131,147,https://www.studenti.unige.it/servizi/assicurazioni/,2
132,148,https://www.studenti.unige.it/servizi/rappresentanti/,4
133,149,https://www.studenti.unige.it/servizi/assmedica/,4
134,150,https://www.studenti.unige.it/servizi/disabili/,1
135,151,https://www.studenti.unige.it/iscrizioni//,2
136,152,https://www.studenti.unige.it/servizi/reg/,2
137,153,https://www.studenti.unige.it/servizi/sostegno/,1
138,154,https://www.studenti.unige.it/servizi/organizzazione/,2
139,155,https://www.studenti.unige.it/servizi/calendario/,1
140,156,https://www.studenti.unige.it/servizi/sedi/,2
141,157,https://www.studenti.unige.it/orientamento/colloqui/,1
142,158,https://www.studenti.unige.it/tempolibero/ass_stud/,4
143,159,https://www.studenti.unige.it/iscrizioni/passaggi/,2
144,160,https://www.studenti.unige.it/iscrizioni/trasferimenti/,2
145,161,https://www.studenti.unige.it/iscrizioni/riprendere/,2
146,162,https://www.studenti.unige.it/iscrizioni/stranieri/,4
147,163,https://www.studenti.unige.it/iscrizioni/seconda_laurea/,2
148,164,https://www.studenti.unige.it/iscrizioni/iscr_tardive/,2
149,165,https://www.studenti.unige.it/iscrizioni/oltre_durata/,4
150,166,https://www.studenti.unige.it/iscrizioni/ritirobadge/,1
151,167,https://www.studenti.unige.it/iscrizioni/anni_successivi/,2
152,168,https://www.studenti.unige.it/iscrizioni/immatricolazioni/,2
153,170,https://www.studenti.unige.it/tempolibero/,4
154,171,https://www.studenti.unige.it/iscrizioni/stranieri/noncom_estero/,2
155,172,https://www.studenti.unige.it/iscrizioni/stranieri/noncom_italia/,2
156,173,https://www.studenti.unige.it/iscrizioni/stranieri/comunitari/,2
157,174,https://www.studenti.unige.it/orientamento/convenzioni/,1
158,175,https://www.studenti.unige.it/attivita/ass_stud/,4
159,176,https://www.studenti.unige.it/iscrizioni/immatricolazioni/titoli/,4
160,177,https://www.studenti.unige.it/orientamento/studiareagenova/,1
161,178,https://www.studenti.unige.it/offertaformativa/laureemagistrali,0
162,179,https://www.studenti.unige.it/offertaformativa/lauree,0
163,180,https://www.studenti.unige.it/tempolibero/convenzioni/,1
164,181,https://www.studenti.unige.it/scadenze,2
165,183,https://www.studenti.unige.it/Unigeprint/,1
166,184,https://www.studenti.unige.it/orientamento/convenzioni/firmadigitale/,1
167,185,https://www.studenti.unige.it/tempolibero/musei,4
168,186,https://www.studenti.unige.it/attivita/att_cult/,1
169,187,https://www.studenti.unige.it/tempolibero/cultura/teatro/,4
170,188,https://www.studenti.unige.it/scadenze/en/,2
171,189,https://www.studenti.unige.it/all9_ttmi18/,4
172,190,https://www.studenti.unige.it/all7_scienzeedu18/,4
173,191,https://www.studenti.unige.it/alternanza-scuola-lavoro/,2
174,192,https://www.studenti.unige.it/orientamento/serv_orientamento/entrata,1
175,193,https://www.studenti.unige.it/all5_scienzemot18/,4
176,194,https://www.studenti.unige.it/all8_psico18/,4
177,195,https://www.studenti.unige.it/bando_arch18/,2
178,196,https://www.studenti.unige.it/all3_scienzebio18/,4
179,197,https://www.studenti.unige.it/alternanza-scuola-lavoro/istruzioni/,1
180,198,https://www.studenti.unige.it/bando_med18/,2
181,199,https://www.studenti.unige.it/bando_prima18/,2
182,200,https://www.studenti.unige.it/all1_design18/,4
183,201,https://www.studenti.unige.it/all6_farma18/,4
184,202,https://www.studenti.unige.it/all4_biotec18/,4
185,203,https://www.studenti.unige.it/bando_sanit18/,2
186,205,https://www.studenti.unige.it/bando_sanit_magistrali18/,2
187,206,https://www.studenti.unige.it/alternanza-scuola-lavoro/istruzioni/convenzioni,2
188,208,https://www.studenti.unige.it/norme_2018/2019/,2
189,209,https://www.studenti.unige.it/all2_arch_edile18/,2
190,210,https://www.studenti.unige.it/orientamento/convenzioni/elencoattive/,4
191,211,https://www.studenti.unige.it/orientamento/simulazionetest/,1
192,212,https://www.studenti.unige.it/lavoro/,1
193,213,https://www.studenti.unige.it/postlaurea/,0
194,214,https://www.studenti.unige.it/regolamenti-e-note-operative-gli-studenti/,1
195,217,https://www.studenti.unige.it/alternanza-scuola-lavoro/istruzioni/progetto/,1
196,218,https://www.studenti.unige.it/attivita/,5
197,219,https://www.studenti.unige.it/tasse/,4
198,220,https://www.studenti.unige.it/orientamento/pubblicazioni/,2
199,222,https://www.studenti.unige.it/servizi/segreterie/,1
200,224,https://www.studenti.unige.it/orientamento/,1
201,226,https://www.studenti.unige.it/postlaurea/esamistato/,1
202,227,https://www.studenti.unige.it/studenti-internazionali/,1
203,228,https://www.studenti.unige.it/areaint/foreignstudents/erasmus/english,1
204,229,https://www.studenti.unige.it/attivita/tutorato/,1
205,230,https://www.studenti.unige.it/areaint/foreignstudents/erasmus/italiano/,1
206,231,https://www.studenti.unige.it/regolamenti-e-note-operative-anagrafe-reddituale-tasse-e-contributi-benefici-universitari/,4
207,232,https://www.studenti.unige.it/attivita/collaborazione/,2
208,233,https://www.studenti.unige.it/tasse/alfa/,1
209,234,https://www.studenti.unige.it/servizi/segreterie/rinuncia/,2
210,235,https://www.studenti.unige.it/lavoro/aziende/,1
211,236,https://www.studenti.unige.it/orientamento/commissioni/,1
212,237,https://www.studenti.unige.it/lavoro/studenti/,1
213,239,https://www.studenti.unige.it/attivita/tutorato/anniprecedenti/,1
214,240,https://www.studenti.unige.it/tasse/alfa/eng/,2
215,241,https://www.studenti.unige.it/lavoro/aziende/careerday/,1
216,242,https://www.studenti.unige.it/lavoro/aziende/opportunita/,1
217,243,https://www.studenti.unige.it/lavoro/opportunita/regione/,1
218,244,https://www.studenti.unige.it/orientamento/areeprofessioni/,2
219,245,https://www.studenti.unige.it/lavoro/studenti/almalaurea/,1
220,246,https://www.studenti.unige.it/lavoro/studenti/indirizzi/,1
221,247,https://www.studenti.unige.it/lavoro/studenti/autoimpiego/,1
222,248,https://www.studenti.unige.it/attivita/tutorato/bando2015/,1
223,249,https://www.studenti.unige.it/attivita/tutorato/bando2016/,1
224,250,https://www.studenti.unige.it/attivita/tutorato/bando2017/,1
225,251,https://www.studenti.unige.it/bando-selezione-tutormat-2018/,1
226,252,https://www.studenti.unige.it/tasse/alfa/eng/housing/,4
227,253,https://www.studenti.unige.it/tasse/alfa/eng/food/,5
228,254,https://www.studenti.unige.it/tasse/alfa/eng/cultural/,2
229,255,https://www.studenti.unige.it/lavoro/studenti/indirizzi/internazionali/,1
230,256,https://www.studenti.unige.it/attivita/tutorato/2013/,1
231,257,https://www.studenti.unige.it/attivita/tutorato/bando2014/,1
232,258,https://www.studenti.unige.it/tutorato/bando2017/graduatorie/,1
233,259,https://www.studenti.unige.it/attivita/tutorato/2013/didattici,1
234,260,https://www.studenti.unige.it/attivita/tutorato/allapari/,1
235,261,https://www.studenti.unige.it/attivita/tutorato/tutor_didattici/,1
236,262,https://www.studenti.unige.it/attivita/tutorato/graduatorie2014/,1
237,263,https://www.studenti.unige.it/attivita/tutorato/bando2013/,1
238,264,https://www.studenti.unige.it/attivita/tutorato/studenti_tutor/,1
239,265,https://www.studenti.unige.it/attivita/tutorato/graduatorie,1
240,266,https://www.studenti.unige.it/attivita/tutorato/bando2016/graduatorie/,1
241,267,https://www.studenti.unige.it/attivita/tutorato/graduatorie2015/,1
242,268,https://www.studenti.unige.it/lavoro/studenti/ordiniprofessionali/,1
243,269,https://www.studenti.unige.it/lavoro/jobcheckin/,1
244,270,https://www.studenti.unige.it/lavoro/studenti/cvcheck/,1
245,271,https://www.studenti.unige.it/lavoro/aziende/incontri/,1
246,272,https://www.studenti.unige.it/lavoro/aziende/tirocini/,1
247,273,https://www.studenti.unige.it/lavoro/aziende/sportello/,1
248,274,https://www.studenti.unige.it/attivita/tutorato/pagamento/,1
249,275,https://www.studenti.unige.it/attivita/tutorato/tipologie/,1
250,276,https://www.studenti.unige.it/lavoro/studenti/orientarsi/,1
251,277,https://www.studenti.unige.it/lavoro/aziende/tirocini/cosafare/,1
252,279,https://www.studenti.unige.it/lavoro/tirocini/referenti/,1
253,280,https://www.studenti.unige.it/lavoro/tirocini/extracurriculari,1
254,281,https://www.studenti.unige.it/lavoro/tirocini/curriculari,1
255,282,https://www.studenti.unige.it/lavoro/aziende/tirocini/lombdigit/,1
256,283,https://www.studenti.unige.it/lavoro/aziende/tirocini/lombcart/,1
257,284,https://www.studenti.unige.it/lavoro/aziende/tirocini/pubdigit/,1
258,285,https://www.studenti.unige.it/lavoro/aziende/tirocini/privdigit/,1
259,286,https://www.studenti.unige.it/lavoro/aziende/tirocini/privcart/,1
260,287,https://www.studenti.unige.it/postlaurea/esami_stato/modulistica/,1
261,288,https://www.studenti.unige.it/lavoro/tirocini/extracurriculari/aziendelombardia/,1
262,289,https://www.studenti.unige.it/postlaurea/esamistato/psico,0
263,290,https://www.studenti.unige.it/lavoro/tirocini/extracurriculari/aziende,1
264,291,https://www.studenti.unige.it/lavoro/tirocini/extracurriculari/aziendelombardia/digitale/,1
265,292,https://www.studenti.unige.it/lavoro/tirocini/extracurriculari/aziendelombardia/cartaceo/,1
266,293,https://www.studenti.unige.it/postalurea/esamistato/odo,0
267,294,https://www.studenti.unige.it/postlaurea/esamistato/med/,0
268,295,https://www.studenti.unige.it/postlaurea/esamistato/ing/,0
269,296,https://www.studenti.unige.it/lavoro/studenti/eventi/,1
270,297,https://www.studenti.unige.it/lavoro/opportunita/,1
271,298,https://www.studenti.unige.it/postlaurea/esamistato/geo/,0
272,299,https://www.studenti.unige.it/postlaurea/esamistato/far/,0
273,300,https://www.studenti.unige.it/postlaurea/esamistato/dot/,0
274,301,https://www.studenti.unige.it/postlaurea/esamistato/chi,0
275,302,https://www.studenti.unige.it/postlaurea/esamistato/bio/,0
276,303,https://www.studenti.unige.it/postlaurea/esamistato/ass/,0
277,304,https://www.studenti.unige.it/postlaurea/esamistato/arch/,0
278,305,https://www.studenti.unige.it/lavoro/studenti/eventi/panorama/,1
279,306,https://www.studenti.unige.it/lavoro/contributo_curr/,1
280,307,https://www.studenti.unige.it/lavoro/opportunita/CRUIscuoleitaliane/,1
281,308,https://www.studenti.unige.it/lavoro/carispezia/,1
282,309,https://www.studenti.unige.it/lavoro/tirocini/ue/,1
283,310,https://www.studenti.unige.it/lavoro/tirocini/onu/,1
284,311,https://www.studenti.unige.it/programma-di-tirocinio-fondazione-maeci/,1
285,312,https://www.studenti.unige.it/lavoro/coopliguria/,1
286,313,https://www.studenti.unige.it/lavoro/unicredit/,1
287,314,https://www.studenti.unige.it/lavoro/glaxosmithkline/,1
288,315,https://www.studenti.unige.it/lavoro/studenti/eventi/incontroprofessionisti/,1
289,316,https://www.studenti.unige.it/lavoro/randstad/,1
290,317,https://www.studenti.unige.it/lavoro/bureauveritas/,1
291,318,https://www.studenti.unige.it/lavoro/opportunita/coasit/,1
292,319,https://www.studenti.unige.it/lavoro/kruk/,1
293,320,https://www.studenti.unige.it/lavoro/studenti/eventi/futuremakers/,1
294,321,https://www.studenti.unige.it/LAVORO/tirocini/vulcanus/,1
295,322,https://www.studenti.unige.it/lavoro/talenti/,1
296,323,https://www.studenti.unige.it/lavoro/studenti/eventi/edux/,1
297,324,https://www.studenti.unige.it/lavoro/tirocini/laurea_azienda/,1
298,325,https://www.studenti.unige.it/lavoro/pharmaday/,1
299,326,https://www.studenti.unige.it/lavoro/bip/,2
300,327,https://www.studenti.unige.it/lavoro/orientati/,1
301,328,https://www.studenti.unige.it/lavoro/opportunita/samsung/,1
302,329,https://www.studenti.unige.it/lavoro/studenti/eventi/lidl/,1
303,330,https://www.studenti.unige.it/lavoro/studenti/eventi/ungiorno/,1
304,331,https://www.studenti.unige.it/lavoro/monster/,1
305,333,https://www.studenti.unige.it/lavoro/DCCI/,1
306,334,https://www.studenti.unige.it/lavoro/opportunita/contatto/,1
307,335,https://www.studenti.unige.it/lavoro/opportunita/volotea/,1
308,336,https://www.studenti.unige.it/lavoro/studenti/eventi/laureainazienda/,1
309,337,https://www.studenti.unige.it/lavoro/tirocini/,1
310,338,https://www.studenti.unige.it/lavoro/curriculum/,1
311,339,https://www.studenti.unige.it/lavoro/studenti/competenze/,1
312,340,https://www.studenti.unige.it/LAVORO/tirocini/sicurezza/,1
313,341,https://www.studenti.unige.it/lavoro/studenti/laboratori/,1
314,342,https://www.studenti.unige.it/lavoro/incontri/,1
315,343,https://www.studenti.unige.it/orientamento/counseling/,1
316,344,https://www.studenti.unige.it/orientamento/saloneorientamenti/,1
317,345,https://www.studenti.unige.it/orientamento/infopoint/,1
318,346,https://www.studenti.unige.it/lavoro/tirocini/aziende/,1
319,347,https://www.studenti.unige.it/orientamento/progettomatricole/,1
320,348,https://www.studenti.unige.it/orientamento/test/,1
321,349,https://www.studenti.unige.it/servizi/segreterie/supplement,1
322,350,https://www.studenti.unige.it/iscritti/lauree/,2
323,351,https://www.studenti.unige.it/servizi/segreterie/duplicati/,4
324,352,https://www.studenti.unige.it/lavoro/tirocini/convenzioni,3
325,353,https://www.studenti.unige.it/servizi/segreterie/ammissionelaurea/,2
326,354,https://www.studenti.unige.it/servizi/segreterie/studiocaso/,2
327,355,https://www.studenti.unige.it/orientamento/pubblicazioni/manifestiold/,0
328,356,https://www.studenti.unige.it/orientamento/pubblicazioni/manifesti/,2
329,357,https://www.studenti.unige.it/iscritti/lauree/pergamene/,2
330,359,https://www.studenti.unige.it/lavoro/tirocini/convenzioni/100005,5
331,360,https://www.studenti.unige.it/lavoro/tirocini/convenzioni/100004,5
332,361,https://www.studenti.unige.it/lavoro/tirocini/convenzioni/100003,5
333,362,https://www.studenti.unige.it/lavoro/tirocini/convenzioni/100002,5
334,363,https://www.studenti.unige.it/lavoro/tirocini/convenzioni/100001,5
335,364,https://www.studenti.unige.it/lavoro/tirocini/convenzioni/100015,5
336,365,https://www.studenti.unige.it/lavoro/tirocini/convenzioni/100014,5
337,366,https://www.studenti.unige.it/orientamento/pubblicazioni/manifesti-lm/,2
338,367,https://www.studenti.unige.it/orientamento/pubblicazioni/manifesti-llmcu/,2
339,368,https://www.studenti.unige.it/lavoro/tirocini/convenzioni/100018,5
340,369,https://www.studenti.unige.it/lavoro/tirocini/convenzioni/100008,5
341,370,https://www.studenti.unige.it/lavoro/tirocini/convenzioni/100017,1
342,371,https://www.studenti.unige.it/lavoro/tirocini/convenzioni/100013,5
343,372,https://www.studenti.unige.it/lavoro/tirocini/convenzioni/100006,5
344,373,https://www.studenti.unige.it/lavoro/tirocini/convenzioni/100012,5
345,374,https://www.studenti.unige.it/lavoro/tirocini/convenzioni/100019,5
346,375,https://www.studenti.unige.it/lavoro/tirocini/convenzioni/100005/?sort=asc&order=provincia,5
347,377,https://www.studenti.unige.it/lavoro/tirocini/convenzioni/100004/?sort=asc&order=categoria,5
348,378,https://www.studenti.unige.it/lavoro/tirocini/convenzioni/100002/?sort=asc&order=categoria,5
349,380,https://www.studenti.unige.it/lavoro/tirocini/convenzioni/100015/?sort=desc&order=azienda,5
350,382,https://www.studenti.unige.it/lavoro/tirocini/convenzioni/100014/?sort=asc&order=provincia,5
351,383,https://www.studenti.unige.it/lavoro/tirocini/convenzioni/100014/?sort=asc&order=comune,5
352,384,https://www.studenti.unige.it/lavoro/tirocini/convenzioni/100018/?sort=asc&order=provincia,5
353,386,https://www.studenti.unige.it/lavoro/tirocini/convenzioni/100013/?sort=asc&order=provincia,5
354,387,https://www.studenti.unige.it/lavoro/tirocini/convenzioni/100013/?sort=asc&order=comune,5
355,388,https://www.studenti.unige.it/lavoro/tirocini/convenzioni/100013/?sort=asc&order=categoria,5
356,389,https://www.studenti.unige.it/lavoro/tirocini/convenzioni/100013/?sort=desc&order=azienda,5
357,394,https://www.studenti.unige.it/lavoro/tirocini/convenzioni/100004/?sort=desc&order=categoria,5
358,395,https://www.studenti.unige.it/lavoro/tirocini/convenzioni/100004/?sort=asc&order=azienda,5
359,397,https://www.studenti.unige.it/lavoro/tirocini/convenzioni/100001/?sort=desc&order=comune,5
360,399,https://www.studenti.unige.it/lavoro/tirocini/convenzioni/100014/?sort=desc&order=provincia,5
361,400,https://www.studenti.unige.it/lavoro/tirocini/convenzioni/100014/?sort=desc&order=comune,5
362,402,https://www.studenti.unige.it/lavoro/tirocini/convenzioni/100018/?sort=asc&order=azienda,5
363,404,https://www.studenti.unige.it/lavoro/tirocini/convenzioni/100013/?sort=desc&order=provincia,5
364,405,https://www.studenti.unige.it/lavoro/tirocini/convenzioni/100013/?sort=desc&order=categoria,5
365,406,https://www.studenti.unige.it/lavoro/tirocini/convenzioni/100013/?sort=desc&order=comune,5
366,412,https://www.studenti.unige.it/lavoro/tirocini/convenzioni/100018/?sort=desc&order=provincia,5
367,414,https://www.studenti.unige.it/lavoro/tirocini/convenzioni/100002/?sort=desc&order=categoria,5
368,418,https://www.studenti.unige.it/lavoro/tirocini/convenzioni/100005/?sort=desc&order=provincia,5
369,419,https://www.studenti.unige.it/lavoro/tirocini/convenzioni/100012/?sort=asc&order=provincia,5
370,420,https://www.studenti.unige.it/lavoro/tirocini/convenzioni/100005/?sort=asc&order=azienda,5
371,421,https://www.studenti.unige.it/node/1547/,3
372,422,https://www.studenti.unige.it/node/1721/,3
373,423,https://www.studenti.unige.it/node/1727/,3
374,425,https://www.studenti.unige.it/corsi-di-formazione/scaduti/,3
375,426,https://www.studenti.unige.it/postlaurea/perfezionamento/scaduti/chiusi/,3
376,427,https://www.studenti.unige.it/node/979/,3
377,428,https://www.studenti.unige.it/postlaurea/perfezionamento/scaduti/chiusi/?page=9,3
378,429,https://www.studenti.unige.it/node/937/,3
379,431,https://www.studenti.unige.it/taxonomy/term/11/?page=9,1
380,432,https://www.studenti.unige.it/taxonomy/term/11/?page=8,1
381,433,https://www.studenti.unige.it/taxonomy/term/11/?page=7,1
382,434,https://www.studenti.unige.it/taxonomy/term/11/?page=6,0
383,435,https://www.studenti.unige.it/taxonomy/term/11/?page=5,1
384,436,https://www.studenti.unige.it/taxonomy/term/11/?page=4,1
385,437,https://www.studenti.unige.it/taxonomy/term/11/?page=3,1
386,438,https://www.studenti.unige.it/taxonomy/term/11/?page=2,1
387,439,https://www.studenti.unige.it/taxonomy/term/11/?page=1,1
388,440,https://www.studenti.unige.it/node/1607/,3
389,441,https://www.studenti.unige.it/node/1611/,3
390,442,https://www.studenti.unige.it/node/1625/,3
391,443,https://www.studenti.unige.it/node/1626/,3
392,444,https://www.studenti.unige.it/node/1627/,3
393,445,https://www.studenti.unige.it/node/1628/,3
394,446,https://www.studenti.unige.it/node/1656/,3
395,447,https://www.studenti.unige.it/node/1657/,3
396,448,https://www.studenti.unige.it/taxonomy/term/9/?page=8,1
397,449,https://www.studenti.unige.it/taxonomy/term/9/?page=7,1
398,450,https://www.studenti.unige.it/taxonomy/term/9/?page=6,1
399,451,https://www.studenti.unige.it/taxonomy/term/9/?page=5,1
400,452,https://www.studenti.unige.it/taxonomy/term/9/?page=4,1
401,453,https://www.studenti.unige.it/taxonomy/term/9/?page=3,1
402,454,https://www.studenti.unige.it/taxonomy/term/9/?page=2,1
403,455,https://www.studenti.unige.it/taxonomy/term/9/?page=1,1
404,456,https://www.studenti.unige.it/node/1688/,3
405,457,https://www.studenti.unige.it/node/1700/,3
406,458,https://www.studenti.unige.it/node/1712/,3
407,460,https://www.studenti.unige.it/node/1728/,3
408,461,https://www.studenti.unige.it/taxonomy/term/10/?page=7,1
409,462,https://www.studenti.unige.it/taxonomy/term/10/?page=6,0
410,463,https://www.studenti.unige.it/taxonomy/term/10/?page=5,1
411,464,https://www.studenti.unige.it/taxonomy/term/10/?page=4,1
412,465,https://www.studenti.unige.it/taxonomy/term/15/,1
413,466,https://www.studenti.unige.it/taxonomy/term/27/,0
414,467,https://www.studenti.unige.it/taxonomy/term/28/,1
415,468,https://www.studenti.unige.it/area/scuola-di-scienze-mediche-e-farmaceutiche,1
416,469,https://www.studenti.unige.it/area/scuola-di-scienze-sociali,1
417,470,https://www.studenti.unige.it/taxonomy/term/18/?page=6,0
418,471,https://www.studenti.unige.it/taxonomy/term/18/?page=5,0
419,472,https://www.studenti.unige.it/taxonomy/term/18/?page=4,0
420,473,https://www.studenti.unige.it/taxonomy/term/18/?page=3,0
421,474,https://www.studenti.unige.it/taxonomy/term/18/?page=2,0
422,475,https://www.studenti.unige.it/taxonomy/term/18/?page=1,0
423,476,https://www.studenti.unige.it/taxonomy/term/12/,0
424,477,https://www.studenti.unige.it/node/878/,3
425,478,https://www.studenti.unige.it/node/944/,3
426,479,https://www.studenti.unige.it/node/1098/,3
427,480,https://www.studenti.unige.it/node/1109/,3
428,481,https://www.studenti.unige.it/node/1110/,3
429,482,https://www.studenti.unige.it/node/1120/,3
430,483,https://www.studenti.unige.it/node/1121/,3
431,484,https://www.studenti.unige.it/node/1137/,3
432,485,https://www.studenti.unige.it/node/960/,3
433,486,https://www.studenti.unige.it/node/961/,3
434,487,https://www.studenti.unige.it/node/971/,3
435,488,https://www.studenti.unige.it/node/978/,3
436,489,https://www.studenti.unige.it/node/1005/,3
437,490,https://www.studenti.unige.it/node/1162/,3
438,491,https://www.studenti.unige.it/node/1183/,3
439,492,https://www.studenti.unige.it/node/1516/,3
440,493,https://www.studenti.unige.it/node/1517/,3
441,494,https://www.studenti.unige.it/node/1518/,3
442,495,https://www.studenti.unige.it/node/1519/,3
443,496,https://www.studenti.unige.it/node/1529/,3
444,497,https://www.studenti.unige.it/node/1570/,3
445,498,https://www.studenti.unige.it/node/941/,3
446,501,https://www.studenti.unige.it/node/1125/,3
447,502,https://www.studenti.unige.it/node/1140/,3
448,503,https://www.studenti.unige.it/taxonomy/term/24/,0
449,504,https://www.studenti.unige.it/area/scuola-politecnica,0
450,505,https://www.studenti.unige.it/taxonomy/term/10/?page=3,0
451,506,https://www.studenti.unige.it/taxonomy/term/10/?page=2,1
452,507,https://www.studenti.unige.it/taxonomy/term/10/?page=1,1
453,508,https://www.studenti.unige.it/node/1592/,3
454,509,https://www.studenti.unige.it/node/1606/,3
455,510,https://www.studenti.unige.it/node/1690/,3
456,511,https://www.studenti.unige.it/node/1655/,3
457,512,https://www.studenti.unige.it/node/1719/,3
458,513,https://www.studenti.unige.it/node/1731/,3
459,514,https://www.studenti.unige.it/taxonomy/term/25/,1
460,515,https://www.studenti.unige.it/area/scuola-di-scienze-matematiche-fisiche-e-naturali,1
461,516,https://www.studenti.unige.it/node/1701/,3
462,517,https://www.studenti.unige.it/node/936/,3
463,518,https://www.studenti.unige.it/postlaurea/perfezionamento/scaduti/,3
464,519,https://www.studenti.unige.it/node/926/,3
465,520,https://www.studenti.unige.it/node/1004/,3
466,521,https://www.studenti.unige.it/node/1122/,3
467,522,https://www.studenti.unige.it/node/925/,3
468,523,https://www.studenti.unige.it/node/1159/,3
469,524,https://www.studenti.unige.it/node/1179/,3
470,525,https://www.studenti.unige.it/node/1226/,3
471,526,https://www.studenti.unige.it/node/1404/,3
472,527,https://www.studenti.unige.it/node/1436/,3
473,528,https://www.studenti.unige.it/node/1537/,3
474,529,https://www.studenti.unige.it/node/1532/,3
475,530,https://www.studenti.unige.it/node/1588/,3
476,531,https://www.studenti.unige.it/node/1465/,3
477,532,https://www.studenti.unige.it/node/1364/,3
478,533,https://www.studenti.unige.it/node/1464/,3
479,534,https://www.studenti.unige.it/node/1330/,3
480,535,https://www.studenti.unige.it/node/1265/,3
481,536,https://www.studenti.unige.it/node/1071/,3
482,537,https://www.studenti.unige.it/node/1042/,3
483,538,https://www.studenti.unige.it/node/924/,3
484,539,https://www.studenti.unige.it/node/863/,3
485,540,https://www.studenti.unige.it/node/927/,3
486,541,https://www.studenti.unige.it/node/874/,3
487,542,https://www.studenti.unige.it/node/977/,3
488,543,https://www.studenti.unige.it/node/969/,3
489,544,https://www.studenti.unige.it/node/984/,3
490,545,https://www.studenti.unige.it/node/980/,3
491,546,https://www.studenti.unige.it/node/1207/,3
492,547,https://www.studenti.unige.it/node/1305/,3
493,548,https://www.studenti.unige.it/node/1363/,3
494,549,https://www.studenti.unige.it/node/1420/,3
495,550,https://www.studenti.unige.it/node/1442/,1
496,551,https://www.studenti.unige.it/node/1535/,3
497,552,https://www.studenti.unige.it/node/1345/,3
498,553,https://www.studenti.unige.it/node/1391/,3
499,554,https://www.studenti.unige.it/node/1388/,3
500,555,https://www.studenti.unige.it/node/1358/,3
501,556,https://www.studenti.unige.it/node/1008/,3
502,557,https://www.studenti.unige.it/node/1007/,3
503,558,https://www.studenti.unige.it/node/1025/,3
504,559,https://www.studenti.unige.it/node/983/,3
505,560,https://www.studenti.unige.it/node/982/,3
506,561,https://www.studenti.unige.it/node/955/,3
507,562,https://www.studenti.unige.it/node/981/,3
508,563,https://www.studenti.unige.it/node/985/,3
509,566,https://www.studenti.unige.it/lavoro/tirocini/convenzioni/100004/?sort=asc&order=provincia,5
510,568,https://www.studenti.unige.it/lavoro/tirocini/convenzioni/100002/?sort=asc&order=provincia,5
511,569,https://www.studenti.unige.it/lavoro/tirocini/convenzioni/100015/?sort=asc&order=provincia,5
512,570,https://www.studenti.unige.it/lavoro/tirocini/convenzioni/100008/?sort=asc&order=provincia,5
513,571,https://www.studenti.unige.it/lavoro/tirocini/convenzioni/100008/?sort=asc&order=comune,5
514,572,https://www.studenti.unige.it/lavoro/tirocini/convenzioni/100008/?sort=asc&order=categoria,5
515,573,https://www.studenti.unige.it/lavoro/tirocini/convenzioni/100008/?sort=desc&order=azienda,5
516,577,https://www.studenti.unige.it/lavoro/tirocini/convenzioni/100018/?sort=asc&order=comune,5
517,578,https://www.studenti.unige.it/lavoro/tirocini/convenzioni/100018/?sort=asc&order=categoria,5
518,579,https://www.studenti.unige.it/lavoro/tirocini/convenzioni/100018/?sort=desc&order=azienda,5
519,580,https://www.studenti.unige.it/lavoro/tirocini/convenzioni/100014/?sort=asc&order=categoria,5
520,581,https://www.studenti.unige.it/lavoro/tirocini/convenzioni/100014/?sort=desc&order=azienda,5
521,582,https://www.studenti.unige.it/lavoro/tirocini/convenzioni/100015/?sort=asc&order=comune,5
522,583,https://www.studenti.unige.it/lavoro/tirocini/convenzioni/100015/?sort=asc&order=categoria,5
523,586,https://www.studenti.unige.it/lavoro/tirocini/convenzioni/100002/?sort=asc&order=comune,5
524,587,https://www.studenti.unige.it/lavoro/tirocini/convenzioni/100002/?sort=desc&order=azienda,5
525,590,https://www.studenti.unige.it/lavoro/tirocini/convenzioni/100004/?sort=asc&order=comune,5
526,591,https://www.studenti.unige.it/lavoro/tirocini/convenzioni/100004/?sort=desc&order=azienda,5
527,592,https://www.studenti.unige.it/lavoro/tirocini/convenzioni/100005/?sort=asc&order=comune,5
528,593,https://www.studenti.unige.it/lavoro/tirocini/convenzioni/100005/?sort=asc&order=categoria,5
529,594,https://www.studenti.unige.it/lavoro/tirocini/convenzioni/100005/?sort=desc&order=azienda,5
530,597,https://www.studenti.unige.it/lavoro/tirocini/convenzioni/2/?sort=asc&order=provincia,5
531,598,https://www.studenti.unige.it/lavoro/tirocini/convenzioni/7/?sort=asc&order=provincia,5
532,599,https://www.studenti.unige.it/lavoro/tirocini/convenzioni/7/?sort=asc&order=comune,5
533,600,https://www.studenti.unige.it/lavoro/tirocini/convenzioni/7/?sort=asc&order=categoria,5
534,601,https://www.studenti.unige.it/lavoro/tirocini/convenzioni/5/?sort=asc&order=provincia,5
535,602,https://www.studenti.unige.it/lavoro/tirocini/convenzioni/45/?sort=asc&order=provincia,5
536,603,https://www.studenti.unige.it/lavoro/tirocini/convenzioni/45/?sort=asc&order=comune,5
537,604,https://www.studenti.unige.it/lavoro/tirocini/convenzioni/45/?sort=asc&order=categoria,5
538,605,https://www.studenti.unige.it/lavoro/tirocini/convenzioni/6/?sort=asc&order=provincia,5
539,606,https://www.studenti.unige.it/lavoro/tirocini/convenzioni/27/?sort=asc&order=provincia,5
540,607,https://www.studenti.unige.it/lavoro/tirocini/convenzioni/4/?sort=asc&order=provincia,5
541,608,https://www.studenti.unige.it/lavoro/tirocini/convenzioni/0/?sort=asc&order=provincia,5
542,609,https://www.studenti.unige.it/lavoro/tirocini/convenzioni/0/?sort=asc&order=comune,5
543,610,https://www.studenti.unige.it/lavoro/tirocini/convenzioni/0/?sort=asc&order=categoria,5
544,611,https://www.studenti.unige.it/lavoro/tirocini/convenzioni/0/?sort=desc&order=azienda,5
545,612,https://www.studenti.unige.it/lavoro/tirocini/convenzioni/4/?sort=asc&order=comune,5
546,613,https://www.studenti.unige.it/lavoro/tirocini/convenzioni/4/?sort=asc&order=categoria,5
547,614,https://www.studenti.unige.it/lavoro/tirocini/convenzioni/4/?sort=desc&order=azienda,5
548,615,https://www.studenti.unige.it/lavoro/tirocini/convenzioni/27/?sort=asc&order=comune,5
549,616,https://www.studenti.unige.it/lavoro/tirocini/convenzioni/27/?sort=asc&order=categoria,5
550,617,https://www.studenti.unige.it/lavoro/tirocini/convenzioni/27/?sort=desc&order=azienda,5
551,618,https://www.studenti.unige.it/lavoro/tirocini/convenzioni/6/?sort=asc&order=comune,5
552,619,https://www.studenti.unige.it/lavoro/tirocini/convenzioni/6/?sort=asc&order=categoria,5
553,620,https://www.studenti.unige.it/lavoro/tirocini/convenzioni/6/?sort=desc&order=azienda,5
554,621,https://www.studenti.unige.it/lavoro/tirocini/convenzioni/45/?sort=desc&order=azienda,5
555,622,https://www.studenti.unige.it/lavoro/tirocini/convenzioni/5/?sort=asc&order=comune,5
556,623,https://www.studenti.unige.it/lavoro/tirocini/convenzioni/5/?sort=asc&order=categoria,5
557,624,https://www.studenti.unige.it/lavoro/tirocini/convenzioni/5/?sort=desc&order=azienda,5
558,625,https://www.studenti.unige.it/lavoro/tirocini/convenzioni/7/?sort=desc&order=azienda,5
559,626,https://www.studenti.unige.it/lavoro/tirocini/convenzioni/2/?sort=asc&order=comune,5
560,627,https://www.studenti.unige.it/lavoro/tirocini/convenzioni/2/?sort=asc&order=categoria,5
561,628,https://www.studenti.unige.it/lavoro/tirocini/convenzioni/2/?sort=desc&order=azienda,5
562,629,https://www.studenti.unige.it/lavoro/tirocini/convenzioni/100012/?sort=asc&order=comune,5
563,630,https://www.studenti.unige.it/lavoro/tirocini/convenzioni/100012/?sort=asc&order=categoria,5
564,631,https://www.studenti.unige.it/lavoro/tirocini/convenzioni/100012/?sort=desc&order=azienda,5
565,632,https://www.studenti.unige.it/lavoro/tirocini/convenzioni/100006/?sort=asc&order=comune,5
566,633,https://www.studenti.unige.it/lavoro/tirocini/convenzioni/100006/?sort=asc&order=categoria,5
567,634,https://www.studenti.unige.it/lavoro/tirocini/convenzioni/100006/?sort=desc&order=azienda,5
568,635,https://www.studenti.unige.it/lavoro/tirocini/convenzioni/9/?sort=asc&order=provincia,5
569,636,https://www.studenti.unige.it/lavoro/tirocini/convenzioni/1/?sort=asc&order=provincia,5
570,637,https://www.studenti.unige.it/lavoro/tirocini/convenzioni/8/?sort=asc&order=provincia,5
571,638,https://www.studenti.unige.it/lavoro/tirocini/convenzioni/8/?sort=asc&order=comune,5
572,639,https://www.studenti.unige.it/lavoro/tirocini/convenzioni/28/?sort=asc&order=provincia,5
573,640,https://www.studenti.unige.it/lavoro/tirocini/convenzioni/10/?sort=asc&order=provincia,5
574,641,https://www.studenti.unige.it/lavoro/tirocini/convenzioni/10/?sort=asc&order=comune,5
575,642,https://www.studenti.unige.it/lavoro/tirocini/convenzioni/10/?sort=asc&order=categoria,5
576,643,https://www.studenti.unige.it/lavoro/tirocini/convenzioni/10/?sort=desc&order=azienda,5
577,644,https://www.studenti.unige.it/lavoro/tirocini/convenzioni/28/?sort=asc&order=comune,5
578,645,https://www.studenti.unige.it/lavoro/tirocini/convenzioni/28/?sort=asc&order=categoria,5
579,646,https://www.studenti.unige.it/lavoro/tirocini/convenzioni/28/?sort=desc&order=azienda,5
580,647,https://www.studenti.unige.it/lavoro/tirocini/convenzioni/8/?sort=asc&order=categoria,5
581,648,https://www.studenti.unige.it/lavoro/tirocini/convenzioni/8/?sort=desc&order=azienda,5
582,649,https://www.studenti.unige.it/lavoro/tirocini/convenzioni/1/?sort=asc&order=comune,5
583,650,https://www.studenti.unige.it/lavoro/tirocini/convenzioni/1/?sort=asc&order=categoria,5
584,651,https://www.studenti.unige.it/lavoro/tirocini/convenzioni/1/?sort=desc&order=azienda,5
585,652,https://www.studenti.unige.it/lavoro/tirocini/convenzioni/9/?sort=asc&order=comune,5
586,653,https://www.studenti.unige.it/lavoro/tirocini/convenzioni/9/?sort=asc&order=categoria,5
587,654,https://www.studenti.unige.it/lavoro/tirocini/convenzioni/9/?sort=desc&order=azienda,5
588,655,https://www.studenti.unige.it/postlaurea/dottorati/XXXIV/,1
589,656,https://www.studenti.unige.it/taxonomy/term/26/?page=3,0
590,657,https://www.studenti.unige.it/taxonomy/term/26/?page=2,0
591,658,https://www.studenti.unige.it/taxonomy/term/26/?page=1,0
592,659,https://www.studenti.unige.it/node/1726/,3
593,660,https://www.studenti.unige.it/node/1709/,3
594,661,https://www.studenti.unige.it/postlaurea/perfezionamento/modperfez/,1
595,662,https://www.studenti.unige.it/attivita/tutorato/didattici/,1
596,663,https://www.studenti.unige.it/node/945/,3
597,664,https://www.studenti.unige.it/node/923/,3
598,665,https://www.studenti.unige.it/node/928/,3
599,666,https://www.studenti.unige.it/node/1020/,3
600,667,https://www.studenti.unige.it/taxonomy/term/28/?page=1,1
601,668,https://www.studenti.unige.it/node/1242/,3
602,669,https://www.studenti.unige.it/node/1308/,3
603,670,https://www.studenti.unige.it/node/1316/,3
604,671,https://www.studenti.unige.it/node/1338/,3
605,672,https://www.studenti.unige.it/node/1368/,3
606,673,https://www.studenti.unige.it/node/1439/,3
607,674,https://www.studenti.unige.it/node/1441/,3
608,675,https://www.studenti.unige.it/node/1558/,3
609,676,https://www.studenti.unige.it/node/900/,3
610,677,https://www.studenti.unige.it/node/970/,3
611,678,https://www.studenti.unige.it/node/1018/,3
612,679,https://www.studenti.unige.it/node/1061/,3
613,680,https://www.studenti.unige.it/node/1177/,3
614,681,https://www.studenti.unige.it/node/1244/,3
615,682,https://www.studenti.unige.it/node/1361/,3
616,683,https://www.studenti.unige.it/node/1446/,3
617,684,https://www.studenti.unige.it/node/1546/,3
618,685,https://www.studenti.unige.it/node/1619/,3
619,686,https://www.studenti.unige.it/node/1548/,3
620,687,https://www.studenti.unige.it/node/1501/,3
621,688,https://www.studenti.unige.it/node/659/,2
622,689,https://www.studenti.unige.it/taxonomy/term/10/,1
623,690,https://www.studenti.unige.it/node/885/,3
624,691,https://www.studenti.unige.it/node/916/,3
625,692,https://www.studenti.unige.it/node/1072/,3
626,693,https://www.studenti.unige.it/node/1205/,3
627,694,https://www.studenti.unige.it/node/1393/,3
628,695,https://www.studenti.unige.it/node/1560/,3
629,696,https://www.studenti.unige.it/node/1562/,3
630,697,https://www.studenti.unige.it/area/scuola-di-scienze-umanistiche,1
631,698,https://www.studenti.unige.it/node/1564/,3
632,699,https://www.studenti.unige.it/node/1567/,3
633,701,https://www.studenti.unige.it/node/1569/,3
634,702,https://www.studenti.unige.it/node/1571/,3
635,703,https://www.studenti.unige.it/node/1572/,3
636,704,https://www.studenti.unige.it/node/1580/,3
637,705,https://www.studenti.unige.it/node/1431/,3
638,706,https://www.studenti.unige.it/node/1469/,3
639,707,https://www.studenti.unige.it/node/1470/,3
640,708,https://www.studenti.unige.it/node/1477/,3
641,709,https://www.studenti.unige.it/node/1509/,3
642,710,https://www.studenti.unige.it/node/1552/,3
643,711,https://www.studenti.unige.it/node/1554/,3
644,712,https://www.studenti.unige.it/node/1555/,3
645,713,https://www.studenti.unige.it/node/1556/,3
646,714,https://www.studenti.unige.it/node/1215/,3
647,715,https://www.studenti.unige.it/node/1230/,3
648,716,https://www.studenti.unige.it/node/1267/,3
649,717,https://www.studenti.unige.it/node/1268/,3
650,718,https://www.studenti.unige.it/node/1284/,3
651,719,https://www.studenti.unige.it/node/1341/,3
652,720,https://www.studenti.unige.it/node/1359/,3
653,721,https://www.studenti.unige.it/node/1371/,3
654,722,https://www.studenti.unige.it/node/1389/,3
655,723,https://www.studenti.unige.it/node/1087/,3
656,724,https://www.studenti.unige.it/node/1089/,3
657,725,https://www.studenti.unige.it/node/1099/,3
658,726,https://www.studenti.unige.it/node/1124/,3
659,727,https://www.studenti.unige.it/node/1134/,3
660,728,https://www.studenti.unige.it/node/1135/,3
661,729,https://www.studenti.unige.it/node/1136/,3
662,730,https://www.studenti.unige.it/node/1171/,3
663,731,https://www.studenti.unige.it/node/1197/,3
664,732,https://www.studenti.unige.it/node/1026/,3
665,733,https://www.studenti.unige.it/node/1033/,3
666,734,https://www.studenti.unige.it/node/1038/,3
667,735,https://www.studenti.unige.it/node/888/,3
668,736,https://www.studenti.unige.it/node/901/,3
669,737,https://www.studenti.unige.it/node/902/,3
670,738,https://www.studenti.unige.it/node/903/,3
671,739,https://www.studenti.unige.it/node/907/,3
672,740,https://www.studenti.unige.it/node/1534/,3
